Bono,Fecha,Cashflow,Clase,CERinicial,CapitalNominal,InteresNominal,CapitalAjustado,InteresAjustado,ResidualNominal
AE38D,2021-12-07,0.1634794520547945,Soberanos HD,,,,,,
AE38D,2022-01-10,0.1863013698630137,Soberanos HD,,,,,,
AE38D,2022-07-11,0.9972602739726028,Soberanos HD,,,,,,
AE38D,2023-01-09,1.934684931506849,Soberanos HD,,,,,,
AE38D,2023-07-10,1.934684931506849,Soberanos HD,,,,,,
AE38D,2024-01-09,2.13082191780822,Soberanos HD,,,,,,
AE38D,2024-07-10,2.13082191780822,Soberanos HD,,,,,,
AE38D,2025-01-09,2.506849315068493,Soberanos HD,,,,,,
AE38D,2025-07-10,2.4931506849315066,Soberanos HD,,,,,,
AE38D,2026-01-09,2.506849315068493,Soberanos HD,,,,,,
AE38D,2026-07-10,2.4931506849315066,Soberanos HD,,,,,,
AE38D,2027-01-11,2.5342465753424657,Soberanos HD,,,,,,
AE38D,2027-07-12,7.038650684931506,Soberanos HD,,,,,,
AE38D,2028-01-10,6.925324520547944,Soberanos HD,,,,,,
AE38D,2028-07-10,6.811998356164382,Soberanos HD,,,,,,
AE38D,2029-01-09,6.710502808219178,Soberanos HD,,,,,,
AE38D,2029-07-10,6.585346027397259,Soberanos HD,,,,,,
AE38D,2030-01-09,6.482605136986301,Soberanos HD,,,,,,
AE38D,2030-07-10,6.358693698630137,Soberanos HD,,,,,,
AE38D,2031-01-09,6.254707465753424,Soberanos HD,,,,,,
AE38D,2031-07-09,6.12332410958904,Soberanos HD,,,,,,
AE38D,2032-01-09,6.034904383561644,Soberanos HD,,,,,,
AE38D,2032-07-09,5.90538904109589,Soberanos HD,,,,,,
AE38D,2033-01-10,5.812610616438356,Soberanos HD,,,,,,
AE38D,2033-07-11,5.678736712328767,Soberanos HD,,,,,,
AE38D,2034-01-09,5.565410547945206,Soberanos HD,,,,,,
AE38D,2034-07-10,5.452084383561644,Soberanos HD,,,,,,
AE38D,2035-01-09,5.3431167808219175,Soberanos HD,,,,,,
AE38D,2035-07-09,5.2216961643835615,Soberanos HD,,,,,,
AE38D,2036-01-09,5.1183323287671225,Soberanos HD,,,,,,
AE38D,2036-07-09,4.998779726027397,Soberanos HD,,,,,,
AE38D,2037-01-09,4.889189315068492,Soberanos HD,,,,,,
AE38D,2037-07-09,4.770882191780822,Soberanos HD,,,,,,
AE38D,2038-01-11,4.661291369863013,Soberanos HD,,,,,,
AL29D,2021-07-12,1.2575342465753423,Soberanos HD,,,,,,
AL29D,2022-01-10,0.4986301369863014,Soberanos HD,,,,,,
AL29D,2022-07-11,0.4986301369863014,Soberanos HD,,,,,,
AL29D,2023-01-09,0.4986301369863014,Soberanos HD,,,,,,
AL29D,2023-07-10,0.4986301369863014,Soberanos HD,,,,,,
AL29D,2024-01-09,0.5013698630136987,Soberanos HD,,,,,,
AL29D,2024-07-10,0.5013698630136987,Soberanos HD,,,,,,
AL29D,2025-01-09,10.501369863013698,Soberanos HD,,,,,,
AL29D,2025-07-10,10.448767123287672,Soberanos HD,,,,,,
AL29D,2026-01-09,10.40109589041096,Soberanos HD,,,,,,
AL29D,2026-07-10,10.349041095890412,Soberanos HD,,,,,,
AL29D,2027-01-11,10.304109589041095,Soberanos HD,,,,,,
AL29D,2027-07-12,10.24931506849315,Soberanos HD,,,,,,
AL29D,2028-01-10,10.19945205479452,Soberanos HD,,,,,,
AL29D,2028-07-10,10.14958904109589,Soberanos HD,,,,,,
AL29D,2029-01-09,10.10027397260274,Soberanos HD,,,,,,
AL29D,2029-07-10,10.04986301369863,Soberanos HD,,,,,,
AL30D,2021-07-09,0.1096986301369863,Soberanos HD,,,,,,
AL30D,2022-01-09,0.2520547945205479,Soberanos HD,,,,,,
AL30D,2022-07-09,0.2479452054794521,Soberanos HD,,,,,,
AL30D,2023-01-09,0.2520547945205479,Soberanos HD,,,,,,
AL30D,2023-07-09,0.2479452054794521,Soberanos HD,,,,,,
AL30D,2024-01-09,0.3780821917808218,Soberanos HD,,,,,,
AL30D,2024-07-09,4.373972602739726,Soberanos HD,,,,,,
AL30D,2025-01-09,8.36295890410959,Soberanos HD,,,,,,
AL30D,2025-07-09,8.327287671232877,Soberanos HD,,,,,,
AL30D,2026-01-09,8.302465753424658,Soberanos HD,,,,,,
AL30D,2026-07-09,8.267780821917809,Soberanos HD,,,,,,
AL30D,2027-01-09,8.241972602739725,Soberanos HD,,,,,,
AL30D,2027-07-09,8.20827397260274,Soberanos HD,,,,,,
AL30D,2028-01-09,8.42345205479452,Soberanos HD,,,,,,
AL30D,2028-07-09,8.349041095890412,Soberanos HD,,,,,,
AL30D,2029-01-09,8.282301369863013,Soberanos HD,,,,,,
AL30D,2029-07-09,8.20827397260274,Soberanos HD,,,,,,
AL30D,2030-01-09,8.141150684931507,Soberanos HD,,,,,,
AL30D,2030-07-09,8.069424657534247,Soberanos HD,,,,,,
AL35D,2021-07-12,0.1107671232876712,Soberanos HD,,,,,,
AL35D,2022-01-10,0.5634520547945204,Soberanos HD,,,,,,
AL35D,2022-07-11,0.5634520547945204,Soberanos HD,,,,,,
AL35D,2023-01-09,0.747945205479452,Soberanos HD,,,,,,
AL35D,2023-07-10,0.747945205479452,Soberanos HD,,,,,,
AL35D,2024-01-09,1.819972602739726,Soberanos HD,,,,,,
AL35D,2024-07-10,1.819972602739726,Soberanos HD,,,,,,
AL35D,2025-01-09,2.070657534246576,Soberanos HD,,,,,,
AL35D,2025-07-10,2.0593424657534247,Soberanos HD,,,,,,
AL35D,2026-01-09,2.070657534246576,Soberanos HD,,,,,,
AL35D,2026-07-10,2.0593424657534247,Soberanos HD,,,,,,
AL35D,2027-01-11,2.093287671232877,Soberanos HD,,,,,,
AL35D,2027-07-12,2.0593424657534247,Soberanos HD,,,,,,
AL35D,2028-01-10,2.368493150684932,Soberanos HD,,,,,,
AL35D,2028-07-10,2.368493150684932,Soberanos HD,,,,,,
AL35D,2029-01-09,2.506849315068493,Soberanos HD,,,,,,
AL35D,2029-07-10,2.4931506849315066,Soberanos HD,,,,,,
AL35D,2030-01-09,2.506849315068493,Soberanos HD,,,,,,
AL35D,2030-07-10,2.4931506849315066,Soberanos HD,,,,,,
AL35D,2031-01-09,12.506849315068491,Soberanos HD,,,,,,
AL35D,2031-07-09,12.231506849315068,Soberanos HD,,,,,,
AL35D,2032-01-09,12.016438356164382,Soberanos HD,,,,,,
AL35D,2032-07-09,11.745205479452055,Soberanos HD,,,,,,
AL35D,2033-01-10,11.52054794520548,Soberanos HD,,,,,,
AL35D,2033-07-11,11.246575342465754,Soberanos HD,,,,,,
AL35D,2034-01-09,10.997260273972604,Soberanos HD,,,,,,
AL35D,2034-07-10,10.747945205479452,Soberanos HD,,,,,,
AL35D,2035-01-09,10.501369863013698,Soberanos HD,,,,,,
AL35D,2035-07-09,10.247945205479452,Soberanos HD,,,,,,
AL41D,2021-07-12,0.1107671232876712,Soberanos HD,,,,,,
AL41D,2022-01-10,1.2465753424657533,Soberanos HD,,,,,,
AL41D,2022-07-11,1.2465753424657533,Soberanos HD,,,,,,
AL41D,2023-01-09,1.7452054794520548,Soberanos HD,,,,,,
AL41D,2023-07-10,1.7452054794520548,Soberanos HD,,,,,,
AL41D,2024-01-09,1.7547945205479456,Soberanos HD,,,,,,
AL41D,2024-07-10,1.7547945205479456,Soberanos HD,,,,,,
AL41D,2025-01-09,1.7547945205479456,Soberanos HD,,,,,,
AL41D,2025-07-10,1.7452054794520548,Soberanos HD,,,,,,
AL41D,2026-01-09,1.7547945205479456,Soberanos HD,,,,,,
AL41D,2026-07-10,1.7452054794520548,Soberanos HD,,,,,,
AL41D,2027-01-11,1.773972602739726,Soberanos HD,,,,,,
AL41D,2027-07-12,1.7452054794520548,Soberanos HD,,,,,,
AL41D,2028-01-10,5.316605479452054,Soberanos HD,,,,,,
AL41D,2028-07-10,5.254277210958904,Soberanos HD,,,,,,
AL41D,2029-01-09,5.200853057534246,Soberanos HD,,,,,,
AL41D,2029-07-10,5.129620673972602,Soberanos HD,,,,,,
AL41D,2030-01-09,5.668561308931507,Soberanos HD,,,,,,
AL41D,2030-07-10,5.570197996712328,Soberanos HD,,,,,,
AL41D,2031-01-09,5.493799497643836,Soberanos HD,,,,,,
AL41D,2031-07-09,5.386363744,Soberanos HD,,,,,,
AL41D,2032-01-09,5.328587619068493,Soberanos HD,,,,,,
AL41D,2032-07-09,5.222584339287671,Soberanos HD,,,,,,
AL41D,2033-01-10,5.1614657753424655,Soberanos HD,,,,,,
AL41D,2033-07-11,5.048777510575342,Soberanos HD,,,,,,
AL41D,2034-01-09,4.961874096219178,Soberanos HD,,,,,,
AL41D,2034-07-10,4.874970681863013,Soberanos HD,,,,,,
AL41D,2035-01-09,4.794752252493151,Soberanos HD,,,,,,
AL41D,2035-07-09,4.694956359452055,Soberanos HD,,,,,,
AL41D,2036-01-09,4.625720443616438,Soberanos HD,,,,,,
AL41D,2036-07-09,4.5273570244383565,Soberanos HD,,,,,,
AL41D,2037-01-09,4.450003649753425,Soberanos HD,,,,,,
AL41D,2037-07-09,4.349252667178082,Soberanos HD,,,,,,
AL41D,2038-01-11,4.281926930410958,Soberanos HD,,,,,,
AL41D,2038-07-09,4.16971572909589,Soberanos HD,,,,,,
AL41D,2039-01-10,4.101435116712329,Soberanos HD,,,,,,
AL41D,2039-07-11,4.00593653830137,Soberanos HD,,,,,,
AL41D,2040-01-09,3.919033123945205,Soberanos HD,,,,,,
AL41D,2040-07-09,3.832129709589041,Soberanos HD,,,,,,
AL41D,2041-01-09,3.74713647430137,Soberanos HD,,,,,,
AL41D,2041-07-09,3.657845282630137,Soberanos HD,,,,,,
AN29D,2026-06-01,3.0452054794520547,Soberanos HD,,,,,,
AN29D,2026-11-30,3.241095890410959,Soberanos HD,,,,,,
AN29D,2027-05-31,3.241095890410959,Soberanos HD,,,,,,
AN29D,2027-11-30,3.258904109589041,Soberanos HD,,,,,,
AN29D,2028-05-30,3.241095890410959,Soberanos HD,,,,,,
AN29D,2028-11-30,3.2767123287671227,Soberanos HD,,,,,,
AN29D,2029-05-30,3.2232876712328764,Soberanos HD,,,,,,
AN29D,2029-11-30,103.27671232876712,Soberanos HD,,,,,,
AO27D,2026-03-31,0.55,Soberanos HD,,,,,,
AO27D,2026-04-30,0.5,Soberanos HD,,,,,,
AO27D,2026-05-29,0.4833333333333333,Soberanos HD,,,,,,
AO27D,2026-06-30,0.5166666666666666,Soberanos HD,,,,,,
AO27D,2026-07-31,0.5,Soberanos HD,,,,,,
AO27D,2026-08-31,0.5,Soberanos HD,,,,,,
AO27D,2026-09-30,0.5,Soberanos HD,,,,,,
AO27D,2026-10-30,0.5,Soberanos HD,,,,,,
AO27D,2026-11-30,0.5,Soberanos HD,,,,,,
AO27D,2026-12-30,0.5,Soberanos HD,,,,,,
AO27D,2027-01-29,0.4833333333333333,Soberanos HD,,,,,,
AO27D,2027-02-26,0.45,Soberanos HD,,,,,,
AO27D,2027-03-31,0.5666666666666667,Soberanos HD,,,,,,
AO27D,2027-04-30,0.5,Soberanos HD,,,,,,
AO27D,2027-05-31,0.5,Soberanos HD,,,,,,
AO27D,2027-06-30,0.5,Soberanos HD,,,,,,
AO27D,2027-07-30,0.5,Soberanos HD,,,,,,
AO27D,2027-08-31,0.5,Soberanos HD,,,,,,
AO27D,2027-09-30,0.5,Soberanos HD,,,,,,
AO27D,2027-10-29,100.48333333333332,Soberanos HD,,,,,,
AO28D,2026-04-30,0.5,Soberanos HD,,,,,,
AO28D,2026-06-01,0.5166666666666666,Soberanos HD,,,,,,
AO28D,2026-06-30,0.4833333333333333,Soberanos HD,,,,,,
AO28D,2026-07-30,0.5,Soberanos HD,,,,,,
AO28D,2026-08-31,0.5,Soberanos HD,,,,,,
AO28D,2026-09-30,0.5,Soberanos HD,,,,,,
AO28D,2026-10-30,0.5,Soberanos HD,,,,,,
AO28D,2026-11-30,0.5,Soberanos HD,,,,,,
AO28D,2026-12-30,0.5,Soberanos HD,,,,,,
AO28D,2027-02-01,0.5166666666666666,Soberanos HD,,,,,,
AO28D,2027-03-01,0.5,Soberanos HD,,,,,,
AO28D,2027-03-29,0.4666666666666667,Soberanos HD,,,,,,
AO28D,2027-04-28,0.4833333333333333,Soberanos HD,,,,,,
AO28D,2027-05-28,0.5,Soberanos HD,,,,,,
AO28D,2027-06-28,0.5,Soberanos HD,,,,,,
AO28D,2027-07-28,0.5,Soberanos HD,,,,,,
AO28D,2027-08-30,0.5333333333333333,Soberanos HD,,,,,,
AO28D,2027-09-28,0.4666666666666667,Soberanos HD,,,,,,
AO28D,2027-10-28,0.5,Soberanos HD,,,,,,
AO28D,2027-11-29,0.5166666666666666,Soberanos HD,,,,,,
AO28D,2027-12-28,0.4833333333333333,Soberanos HD,,,,,,
AO28D,2028-01-28,0.5,Soberanos HD,,,,,,
AO28D,2028-02-28,0.5,Soberanos HD,,,,,,
AO28D,2028-03-28,0.5,Soberanos HD,,,,,,
AO28D,2028-04-28,0.5,Soberanos HD,,,,,,
AO28D,2028-05-29,0.5166666666666666,Soberanos HD,,,,,,
AO28D,2028-06-28,0.4833333333333333,Soberanos HD,,,,,,
AO28D,2028-07-28,0.5,Soberanos HD,,,,,,
AO28D,2028-08-28,0.5,Soberanos HD,,,,,,
AO28D,2028-09-28,0.5,Soberanos HD,,,,,,
AO28D,2028-10-30,0.5333333333333333,Soberanos HD,,,,,,
AO28D,2028-10-31,100.0,Soberanos HD,,,,,,
AO29D,2026-08-31,0.7166666666666667,Soberanos HD,,,,,,
AO29D,2026-09-30,0.5,Soberanos HD,,,,,,
AO29D,2026-10-30,0.5,Soberanos HD,,,,,,
AO29D,2026-11-30,0.5,Soberanos HD,,,,,,
AO29D,2026-12-30,0.5,Soberanos HD,,,,,,
AO29D,2027-01-30,0.5,Soberanos HD,,,,,,
AO29D,2027-02-26,0.4333333333333333,Soberanos HD,,,,,,
AO29D,2027-03-31,0.5666666666666667,Soberanos HD,,,,,,
AO29D,2027-04-30,0.5,Soberanos HD,,,,,,
AO29D,2027-05-31,0.5,Soberanos HD,,,,,,
AO29D,2027-06-30,0.5,Soberanos HD,,,,,,
AO29D,2027-07-30,0.5,Soberanos HD,,,,,,
AO29D,2027-08-30,0.5,Soberanos HD,,,,,,
AO29D,2027-09-28,0.4666666666666667,Soberanos HD,,,,,,
AO29D,2027-10-28,0.5,Soberanos HD,,,,,,
AO29D,2027-11-29,0.5166666666666666,Soberanos HD,,,,,,
AO29D,2027-12-28,0.4833333333333333,Soberanos HD,,,,,,
AO29D,2028-01-28,0.5,Soberanos HD,,,,,,
AO29D,2028-02-28,0.5,Soberanos HD,,,,,,
AO29D,2028-03-28,0.5,Soberanos HD,,,,,,
AO29D,2028-04-28,0.5,Soberanos HD,,,,,,
AO29D,2028-05-29,0.5166666666666666,Soberanos HD,,,,,,
AO29D,2028-06-28,0.4833333333333333,Soberanos HD,,,,,,
AO29D,2028-07-28,0.5,Soberanos HD,,,,,,
AO29D,2028-08-28,0.5,Soberanos HD,,,,,,
AO29D,2028-09-28,0.5,Soberanos HD,,,,,,
AO29D,2028-10-30,0.5333333333333333,Soberanos HD,,,,,,
AO29D,2028-11-28,0.4666666666666667,Soberanos HD,,,,,,
AO29D,2028-12-28,0.5,Soberanos HD,,,,,,
AO29D,2029-01-29,0.5166666666666666,Soberanos HD,,,,,,
AO29D,2029-02-28,0.4833333333333333,Soberanos HD,,,,,,
AO29D,2029-03-28,0.5,Soberanos HD,,,,,,
AO29D,2029-04-30,0.5333333333333333,Soberanos HD,,,,,,
AO29D,2029-05-28,0.4666666666666667,Soberanos HD,,,,,,
AO29D,2029-06-28,0.5,Soberanos HD,,,,,,
AO29D,2029-07-30,0.5333333333333333,Soberanos HD,,,,,,
AO29D,2029-08-28,0.4666666666666667,Soberanos HD,,,,,,
AO29D,2029-09-28,0.5,Soberanos HD,,,,,,
AO29D,2029-10-31,100.53333333333332,Soberanos HD,,,,,,
BPA7D,2024-10-31,4.10958904109589,Bopreales,,,,,,
BPA7D,2025-04-30,2.47945205479452,Bopreales,,,,,,
BPA7D,2025-10-31,2.52054794520548,Bopreales,,,,,,
BPA7D,2026-04-30,2.47945205479452,Bopreales,,,,,,
BPA7D,2026-11-02,2.547945205479452,Bopreales,,,,,,
BPA7D,2027-04-30,52.45205479452055,Bopreales,,,,,,
BPA7D,2027-11-01,51.26712328767123,Bopreales,,,,,,
TX26,2021-05-10,1.7787452060521618,BONCER,,0.0,1.358904109589041,0.0,1.7787452060521618,100.0
TX26,2021-11-09,1.6036215484427834,BONCER,,0.0,1.0027397260273974,0.0,1.6036215484427834,100.0
TX26,2022-05-09,1.9850901829872167,BONCER,,0.0,0.9917808219178084,0.0,1.9850901829872167,100.0
TX26,2022-11-09,2.901955648656588,BONCER,,0.0,1.008219178082192,0.0,2.901955648656588,100.0
TX26,2023-05-09,4.01832721929695,BONCER,,0.0,0.9917808219178084,0.0,4.01832721929695,100.0
TX26,2023-11-09,6.643755464771391,BONCER,,0.0,1.008219178082192,0.0,6.643755464771391,100.0
TX26,2024-05-09,15.329867993272533,BONCER,,0.0,0.9972602739726028,0.0,15.329867993272533,100.0
TX26,2024-11-11,453.17545126706926,BONCER,,20.0,1.0191780821917809,431.2018762056316,21.973575061437664,80.0
TX26,2025-05-09,522.3888326860068,BONCER,,20.0,0.9808219178082191,502.66773154695903,19.721101139047818,60.0
TX26,2025-11-10,588.3804240054505,BONCER,,20.0,1.0136986301369864,571.0153011486026,17.36512285684792,40.0
TX26,2026-05-11,681.4115285748231,BONCER,,20.0,0.9972602739726028,668.0864078914002,13.325120683422991,20.0
TX26,2026-11-09,749.2755556874159,BONCER,,20.0,0.9972602739726028,741.8771099878114,7.398445699604475,0.0
TX28,2021-05-10,2.0010883568086824,BONCER,,0.0,1.5287671232876712,0.0,2.0010883568086824,100.0
TX28,2021-11-09,1.8040742419981315,BONCER,,0.0,1.128082191780822,0.0,1.8040742419981315,100.0
TX28,2022-05-09,2.23322645586062,BONCER,,0.0,1.1157534246575342,0.0,2.23322645586062,100.0
TX28,2022-11-09,3.2647001047386617,BONCER,,0.0,1.1342465753424658,0.0,3.2647001047386617,100.0
TX28,2023-05-09,4.520618121709068,BONCER,,0.0,1.1157534246575342,0.0,4.520618121709068,100.0
TX28,2023-11-09,7.474224897867814,BONCER,,0.0,1.1342465753424658,0.0,7.474224897867814,100.0
TX28,2024-05-09,170.96593164475232,BONCER,,10.0,1.121917808219178,153.71983015232072,17.2461014924316,90.0
TX28,2024-11-11,237.84918285252144,BONCER,,10.0,1.1465753424657534,215.6009381028158,22.24824474970564,80.0
TX28,2025-05-09,273.5201045549083,BONCER,,10.0,1.1034246575342466,251.33386577347952,22.1862387814288,70.0
TX28,2025-11-10,308.2993743239142,BONCER,,10.0,1.1404109589041096,285.5076505743013,22.79172374961289,60.0
TX28,2026-05-11,356.5293450989764,BONCER,,10.0,1.121917808219178,334.0432039457001,22.486141153276304,50.0
TX28,2026-11-09,391.7466835240433,BONCER,,10.0,1.121917808219178,370.9385549939057,20.808128530137587,40.0
TX28,2027-05-10,387.5850578180158,BONCER,,10.0,1.121917808219178,370.9385549939057,16.64650282411007,30.0
TX28,2027-11-09,383.4920303379118,BONCER,,10.0,1.128082191780822,370.9385549939057,12.553475344006085,20.0
TX28,2028-05-09,379.2618064059607,BONCER,,10.0,1.121917808219178,370.9385549939057,8.323251412055034,10.0
TX28,2028-11-09,375.14591285054894,BONCER,,10.0,1.1342465753424658,370.9385549939057,4.207357856643204,0.0
TX31,2022-11-30,1.8022929761294728,BONCER,,0.0,1.2534246575342465,0.0,1.8022929761294728,100.0
TX31,2023-05-30,2.523605974987587,BONCER,,0.0,1.23972602739726,0.0,2.523605974987587,100.0
TX31,2023-11-30,4.310818773977396,BONCER,,0.0,1.2602739726027397,0.0,4.310818773977396,100.0
TX31,2024-05-30,9.933285164280454,BONCER,,0.0,1.2465753424657533,0.0,9.933285164280454,100.0
TX31,2024-12-02,13.465503255333024,BONCER,,0.0,1.273972602739726,0.0,13.465503255333024,100.0
TX31,2025-05-30,15.202674719503412,BONCER,,0.0,1.226027397260274,0.0,15.202674719503412,100.0
TX31,2025-12-01,17.619618267133795,BONCER,,0.0,1.2671232876712328,0.0,17.619618267133795,100.0
TX31,2026-06-01,20.48435825365834,BONCER,,0.0,1.2465753424657533,0.0,20.48435825365834,100.0
TX31,2026-11-30,22.22067875582542,BONCER,,0.0,1.2465753424657533,0.0,22.22067875582542,100.0
TX31,2027-05-31,200.47447536849089,BONCER,,10.0,1.2465753424657533,178.25379661266544,22.22067875582542,90.0
TX31,2027-11-30,198.3622899702723,BONCER,,10.0,1.2534246575342465,178.25379661266544,20.10849335760685,80.0
TX31,2028-05-30,196.03033961732567,BONCER,,10.0,1.2465753424657533,178.25379661266544,17.776543004660333,70.0
TX31,2028-11-30,193.97920003986496,BONCER,,10.0,1.2602739726027397,178.25379661266544,15.725403427199526,60.0
TX31,2029-05-30,191.51294888125136,BONCER,,10.0,1.23972602739726,178.25379661266544,13.259152268585936,50.0
TX31,2029-11-30,189.4862276320937,BONCER,,10.0,1.2602739726027397,178.25379661266544,11.232431019428232,40.0
TX31,2030-05-30,187.0932314583894,BONCER,,10.0,1.23972602739726,178.25379661266544,8.839434845723957,30.0
TX31,2030-12-02,185.0665102092317,BONCER,,10.0,1.273972602739726,178.25379661266544,6.812713596566255,20.0
TX31,2031-05-30,182.6246773789212,BONCER,,10.0,1.226027397260274,178.25379661266544,4.370880766255769,10.0
TX31,2031-12-01,180.51249198070263,BONCER,,10.0,1.2671232876712328,178.25379661266544,2.2586953680372,0.0
TXMD8,2028-12-15,107.2261385085133,BONCER,,100.0,0.0,107.2261385085133,0.0,0.0
TXMD9,2029-12-14,107.2261385085133,BONCER,,100.0,0.0,107.2261385085133,0.0,0.0
TXMJ0,2030-06-28,107.2261385085133,BONCER,,100.0,0.0,107.2261385085133,0.0,0.0
TXMJ8,2028-06-30,110.30500725910524,BONCER,,100.0,0.0,110.30500725910524,0.0,0.0
TXMJ9,2029-06-29,112.03958176354185,BONCER,,100.0,0.0,112.03958176354185,0.0,0.0
TZX27,2027-06-30,417.31141746038514,BONCER,,100.0,0.0,417.31141746038514,0.0,0.0
TZX28,2028-06-30,417.31141746038514,BONCER,,100.0,0.0,417.31141746038514,0.0,0.0
TZXA7,2027-04-30,128.27804104353743,BONCER,,100.0,0.0,128.27804104353743,0.0,0.0
CUAP,2014-06-30,95.95198471027985,BONCER,,0.0,34.76860273972602,0.0,95.95198471027985,100.0
CUAP,2014-12-31,4.990300958088319,BONCER,,0.0,1.6686027397260272,0.0,4.990300958088319,100.0
CUAP,2015-06-30,5.245527460766399,BONCER,,0.0,1.6413972602739724,0.0,5.245527460766399,100.0
CUAP,2015-12-31,5.720628400568077,BONCER,,0.0,1.6686027397260272,0.0,5.720628400568077,100.0
CUAP,2016-06-30,6.784963920849526,BONCER,,0.0,1.6504657534246574,0.0,6.784963920849526,100.0
CUAP,2016-12-31,7.793665352698929,BONCER,,0.0,1.6686027397260272,0.0,7.793665352698929,100.0
CUAP,2017-06-30,8.580500829093474,BONCER,,0.0,1.6413972602739724,0.0,8.580500829093474,100.0
CUAP,2017-12-31,9.544325267169452,BONCER,,0.0,1.6686027397260272,0.0,9.544325267169452,100.0
CUAP,2018-06-30,10.756520895291745,BONCER,,0.0,1.6413972602739724,0.0,10.756520895291745,100.0
CUAP,2018-12-31,13.872581851135513,BONCER,,0.0,1.6686027397260272,0.0,13.872581851135513,100.0
CUAP,2019-06-30,16.73057830745056,BONCER,,0.0,1.6413972602739724,0.0,16.73057830745056,100.0
CUAP,2019-12-31,21.012922178031285,BONCER,,0.0,1.6686027397260272,0.0,21.012922178031285,100.0
CUAP,2020-06-30,24.57372362037224,BONCER,,0.0,1.6504657534246574,0.0,24.57372362037224,100.0
CUAP,2020-12-31,28.79354808658352,BONCER,,0.0,1.6686027397260272,0.0,28.79354808658352,100.0
CUAP,2021-06-30,35.69708874248496,BONCER,,0.0,1.6413972602739724,0.0,35.69708874248496,100.0
CUAP,2021-12-31,43.8213464800286,BONCER,,0.0,1.6686027397260272,0.0,43.8213464800286,100.0
CUAP,2022-06-30,56.233099504150886,BONCER,,0.0,1.6413972602739724,0.0,56.233099504150886,100.0
CUAP,2022-12-31,82.73803913554738,BONCER,,0.0,1.6686027397260272,0.0,82.73803913554738,100.0
CUAP,2023-06-30,117.33877517573583,BONCER,,0.0,1.6413972602739724,0.0,117.33877517573583,100.0
CUAP,2023-12-31,199.29084569865728,BONCER,,0.0,1.6686027397260272,0.0,199.29084569865728,100.0
CUAP,2024-06-30,456.3463881318592,BONCER,,0.0,1.6504657534246574,0.0,456.3463881318592,100.0
CUAP,2024-12-31,584.4256872172889,BONCER,,0.0,1.6686027397260272,0.0,584.4256872172889,100.0
CUAP,2025-06-30,672.1872818337011,BONCER,,0.0,1.6413972602739724,0.0,672.1872818337011,100.0
CUAP,2025-12-31,766.3014675193058,BONCER,,0.0,1.6686027397260272,0.0,766.3014675193058,100.0
CUAP,2026-06-30,892.8466969323731,BONCER,,0.0,1.6413972602739724,0.0,892.8466969323731,100.0
CUAP,2026-12-31,959.6083906923224,BONCER,,0.0,1.6686027397260272,0.0,959.6083906923224,100.0
CUAP,2027-06-30,943.9626017136432,BONCER,,0.0,1.6413972602739724,0.0,943.9626017136432,100.0
CUAP,2027-12-31,959.6083906923224,BONCER,,0.0,1.6686027397260272,0.0,959.6083906923224,100.0
CUAP,2028-06-30,949.1778647065364,BONCER,,0.0,1.6504657534246574,0.0,949.1778647065364,100.0
CUAP,2028-12-31,959.6083906923224,BONCER,,0.0,1.6686027397260272,0.0,959.6083906923224,100.0
CUAP,2029-06-30,943.9626017136432,BONCER,,0.0,1.6413972602739724,0.0,943.9626017136432,100.0
CUAP,2029-12-31,959.6083906923224,BONCER,,0.0,1.6686027397260272,0.0,959.6083906923224,100.0
CUAP,2030-06-30,943.9626017136432,BONCER,,0.0,1.6413972602739724,0.0,943.9626017136432,100.0
CUAP,2030-12-31,959.6083906923224,BONCER,,0.0,1.6686027397260272,0.0,959.6083906923224,100.0
CUAP,2031-06-30,943.9626017136432,BONCER,,0.0,1.6413972602739724,0.0,943.9626017136432,100.0
CUAP,2031-12-31,959.6083906923224,BONCER,,0.0,1.6686027397260272,0.0,959.6083906923224,100.0
CUAP,2032-06-30,949.1778647065364,BONCER,,0.0,1.6504657534246574,0.0,949.1778647065364,100.0
CUAP,2032-12-31,959.6083906923224,BONCER,,0.0,1.6686027397260272,0.0,959.6083906923224,100.0
CUAP,2033-06-30,943.9626017136432,BONCER,,0.0,1.6413972602739724,0.0,943.9626017136432,100.0
CUAP,2033-12-31,959.6083906923224,BONCER,,0.0,1.6686027397260272,0.0,959.6083906923224,100.0
CUAP,2034-06-30,943.9626017136432,BONCER,,0.0,1.6413972602739724,0.0,943.9626017136432,100.0
CUAP,2034-12-31,959.6083906923224,BONCER,,0.0,1.6686027397260272,0.0,959.6083906923224,100.0
CUAP,2035-06-30,943.9626017136432,BONCER,,0.0,1.6413972602739724,0.0,943.9626017136432,100.0
CUAP,2035-12-31,959.6083906923224,BONCER,,0.0,1.6686027397260272,0.0,959.6083906923224,100.0
CUAP,2036-06-30,3824.6627474950046,BONCER,,5.0,1.6504657534246574,2875.4848827884684,949.1778647065364,95.0
CUAP,2036-12-31,3787.112853946175,BONCER,,5.0,1.6686027397260272,2875.4848827884684,911.6279711577064,90.0
CUAP,2037-06-30,3725.051224330748,BONCER,,5.0,1.6413972602739724,2875.4848827884684,849.566341542279,85.0
CUAP,2037-12-31,3691.1520148769423,BONCER,,5.0,1.6686027397260272,2875.4848827884684,815.667132088474,80.0
CUAP,2038-06-30,3630.654964159383,BONCER,,5.0,1.6413972602739724,2875.4848827884684,755.1700813709147,75.0
CUAP,2038-12-31,3595.1911758077104,BONCER,,5.0,1.6686027397260272,2875.4848827884684,719.7062930192419,70.0
CUAP,2039-06-30,3536.2587039880186,BONCER,,5.0,1.6413972602739724,2875.4848827884684,660.7738211995503,65.0
CUAP,2039-12-31,3499.230336738478,BONCER,,5.0,1.6686027397260272,2875.4848827884684,623.7454539500096,60.0
CUAP,2040-06-30,3444.9916016123902,BONCER,,5.0,1.6504657534246574,2875.4848827884684,569.5067188239218,55.0
CUAP,2040-12-31,3403.269497669246,BONCER,,5.0,1.6686027397260272,2875.4848827884684,527.7846148807774,50.0
CUAP,2041-06-30,3347.46618364529,BONCER,,5.0,1.6413972602739724,2875.4848827884684,471.9813008568216,45.0
CUAP,2041-12-31,3307.3086586000136,BONCER,,5.0,1.6686027397260272,2875.4848827884684,431.8237758115452,40.0
CUAP,2042-06-30,3253.069923473926,BONCER,,5.0,1.6413972602739724,2875.4848827884684,377.5850406854573,35.0
CUAP,2042-12-31,3211.347819530781,BONCER,,5.0,1.6686027397260272,2875.4848827884684,335.8629367423129,30.0
CUAP,2043-06-30,3158.6736633025616,BONCER,,5.0,1.6413972602739724,2875.4848827884684,283.188780514093,25.0
CUAP,2043-12-31,3115.386980461549,BONCER,,5.0,1.6686027397260272,2875.4848827884684,239.90209767308065,20.0
CUAP,2044-06-30,3065.320455729776,BONCER,,5.0,1.6504657534246574,2875.4848827884684,189.8355729413073,15.0
CUAP,2044-12-31,3019.426141392317,BONCER,,5.0,1.6686027397260272,2875.4848827884684,143.94125860384838,10.0
CUAP,2045-06-30,2969.8811429598327,BONCER,,5.0,1.6413972602739724,2875.4848827884684,94.39626017136432,5.0
CUAP,2045-12-31,2923.4653023230844,BONCER,,5.0,1.6686027397260272,2875.4848827884684,47.98041953461612,0.0
DICP,2004-06-30,1.4272796160797052,BONCER,,0.0,1.3911780821917807,0.0,1.4272796160797052,100.0
DICP,2004-12-31,1.4853979767782477,BONCER,,0.0,1.4064657534246574,0.0,1.4853979767782477,100.0
DICP,2005-06-30,1.5427954115832292,BONCER,,0.0,1.3835342465753424,0.0,1.5427954115832292,100.0
DICP,2006-01-02,1.6701591363164678,BONCER,,0.0,1.4217534246575343,0.0,1.6701591363164678,100.0
DICP,2006-06-30,1.7027785944780185,BONCER,,0.0,1.3682465753424655,0.0,1.7027785944780185,100.0
DICP,2007-01-02,1.840445527120708,BONCER,,0.0,1.4217534246575343,0.0,1.840445527120708,100.0
DICP,2007-07-02,1.8742221442303109,BONCER,,0.0,1.3835342465753424,0.0,1.8742221442303109,100.0
DICP,2008-01-02,1.9749396334357407,BONCER,,0.0,1.4064657534246574,0.0,1.9749396334357407,100.0
DICP,2008-06-30,2.029934006493243,BONCER,,0.0,1.375890410958904,0.0,2.029934006493243,100.0
DICP,2008-12-31,2.136975498247079,BONCER,,0.0,1.4064657534246574,0.0,2.136975498247079,100.0
DICP,2009-06-30,3.1397169298861214,BONCER,,0.0,2.0133150684931507,0.0,3.1397169298861214,100.0
DICP,2009-12-31,3.3181626672175555,BONCER,,0.0,2.046684931506849,0.0,3.3181626672175555,100.0
DICP,2010-06-30,3.4640400841539294,BONCER,,0.0,2.0133150684931507,0.0,3.4640400841539294,100.0
DICP,2011-01-03,3.7500143311081295,BONCER,,0.0,2.080054794520548,0.0,3.7500143311081295,100.0
DICP,2011-06-30,3.7372322093287056,BONCER,,0.0,1.979945205479452,0.0,3.7372322093287056,100.0
DICP,2012-01-03,4.109766806796733,BONCER,,0.0,2.080054794520548,0.0,4.109766806796733,100.0
DICP,2012-07-02,4.173947186288895,BONCER,,0.0,2.0133150684931507,0.0,4.173947186288895,100.0
DICP,2012-12-31,4.4070269871167564,BONCER,,0.0,2.024438356164384,0.0,4.4070269871167564,100.0
DICP,2013-07-01,4.632519894032234,BONCER,,0.0,2.024438356164384,0.0,4.632519894032234,100.0
DICP,2014-01-02,4.957733630144783,BONCER,,0.0,2.057808219178082,0.0,4.957733630144783,100.0
DICP,2014-06-30,7.890335059351828,BONCER,,0.0,2.8590958904109587,0.0,7.890335059351828,100.0
DICP,2015-01-02,8.888311964218502,BONCER,,0.0,2.970904109589041,0.0,8.888311964218502,100.0
DICP,2015-06-30,9.13701172110629,BONCER,,0.0,2.8590958904109587,0.0,9.13701172110629,100.0
DICP,2015-12-31,10.07591044571356,BONCER,,0.0,2.938958904109589,0.0,10.07591044571356,100.0
DICP,2016-06-30,11.9505557880824,BONCER,,0.0,2.907013698630137,0.0,11.9505557880824,100.0
DICP,2017-01-02,13.876419997306687,BONCER,,0.0,2.970904109589041,0.0,13.876419997306687,100.0
DICP,2017-06-30,14.946092120340298,BONCER,,0.0,2.8590958904109587,0.0,14.946092120340298,100.0
DICP,2018-01-02,16.99342478854133,BONCER,,0.0,2.970904109589041,0.0,16.99342478854133,100.0
DICP,2018-07-02,18.94577547418456,BONCER,,0.0,2.8910410958904107,0.0,18.94577547418456,100.0
DICP,2019-01-02,24.43418495230213,BONCER,,0.0,2.938958904109589,0.0,24.43418495230213,100.0
DICP,2019-07-01,29.305250915255325,BONCER,,0.0,2.8750684931506845,0.0,29.305250915255325,100.0
DICP,2020-01-02,37.26239239277124,BONCER,,0.0,2.9549315068493147,0.0,37.26239239277124,100.0
DICP,2020-06-30,42.806788564819605,BONCER,,0.0,2.8750684931506845,0.0,42.806788564819605,100.0
DICP,2021-01-04,51.87009601865195,BONCER,,0.0,3.002849315068493,0.0,51.87009601865195,100.0
DICP,2021-06-30,61.48484058730059,BONCER,,0.0,2.8271506849315067,0.0,61.48484058730059,100.0
DICP,2022-01-03,78.62992397292942,BONCER,,0.0,2.9868767123287667,0.0,78.62992397292942,100.0
DICP,2022-06-30,97.4033761403374,BONCER,,0.0,2.8431232876712325,0.0,97.4033761403374,100.0
DICP,2023-01-02,147.31294312000014,BONCER,,0.0,2.970904109589041,0.0,147.31294312000014,100.0
DICP,2023-06-30,204.3885523695859,BONCER,,0.0,2.8590958904109587,0.0,204.3885523695859,100.0
DICP,2024-01-02,354.8322068480067,BONCER,,0.0,2.970904109589041,0.0,354.8322068480067,100.0
DICP,2024-07-01,2181.8375178264746,BONCER,,5.0,2.8910410958904107,1382.4776042306748,799.3599135957999,95.0
DICP,2025-01-02,2736.5479816059105,BONCER,,5.0,2.9549315068493147,1752.5830408872707,983.9649407186398,90.0
DICP,2025-06-30,3101.381754401329,BONCER,,5.0,2.8590958904109587,2047.606932527424,1053.774821873906,85.0
DICP,2025-12-31,3443.489839623746,BONCER,,5.0,2.938958904109589,2296.236993009873,1147.2528466138729,80.0
DICP,2026-06-30,3977.854013294285,BONCER,,5.0,2.8910410958904107,2719.7763714536245,1258.077641840661,75.0
DICP,2026-12-31,4143.124667774022,BONCER,,5.0,2.938958904109589,2875.4848827884684,1267.639784985553,70.0
DICP,2027-06-30,4039.3251781339,BONCER,,5.0,2.8910410958904107,2875.4848827884684,1163.8402953454315,65.0
DICP,2027-12-31,3974.106029775948,BONCER,,5.0,2.938958904109589,2875.4848827884684,1098.6211469874793,60.0
DICP,2028-06-30,3878.573756124864,BONCER,,5.0,2.907013698630137,2875.4848827884684,1003.0888733363942,55.0
DICP,2029-01-02,3815.191766875585,BONCER,,5.0,2.970904109589041,2875.4848827884684,939.7068840871164,50.0
DICP,2029-07-02,3706.799379463777,BONCER,,5.0,2.8910410958904107,2875.4848827884684,831.3144966753082,45.0
DICP,2029-12-31,3627.801537790764,BONCER,,5.0,2.907013698630137,2875.4848827884684,752.3166550022956,40.0
DICP,2030-07-01,3544.2107983460646,BONCER,,5.0,2.907013698630137,2875.4848827884684,668.7259155575962,35.0
DICP,2030-12-31,3463.8350873415457,BONCER,,5.0,2.9229863013698627,2875.4848827884684,588.3502045530772,30.0
DICP,2031-06-30,3374.2735807936533,BONCER,,5.0,2.8910410958904107,2875.4848827884684,498.7886980051849,25.0
DICP,2031-12-31,3298.031477783653,BONCER,,5.0,2.938958904109589,2875.4848827884684,422.54659499518425,20.0
DICP,2032-06-30,3209.8478405672668,BONCER,,5.0,2.907013698630137,2875.4848827884684,334.3629577787981,15.0
DICP,2032-12-31,3129.012839785579,BONCER,,5.0,2.938958904109589,2875.4848827884684,253.5279569971106,10.0
DICP,2033-06-30,3041.74778212353,BONCER,,5.0,2.8910410958904107,2875.4848827884684,166.26289933506166,5.0
DICP,2034-01-02,2960.9127813418427,BONCER,,5.0,2.970904109589041,2875.4848827884684,85.42789855337422,0.0
PARP,2004-03-31,0.1583762854766469,BONCER,,0.0,0.1570684931506849,0.0,0.1583762854766469,100.0
PARP,2004-09-30,0.3294337534019764,BONCER,,0.0,0.3158630136986301,0.0,0.3294337534019764,100.0
PARP,2005-03-31,0.3404991528623865,BONCER,,0.0,0.3141369863013699,0.0,0.3404991528623865,100.0
PARP,2005-09-30,0.3610615064096877,BONCER,,0.0,0.3158630136986301,0.0,0.3610615064096877,100.0
PARP,2006-03-31,0.3810127372092565,BONCER,,0.0,0.3141369863013699,0.0,0.3810127372092565,100.0
PARP,2006-09-30,0.3996404450237232,BONCER,,0.0,0.3158630136986301,0.0,0.3996404450237232,100.0
PARP,2007-03-31,0.4179352182404734,BONCER,,0.0,0.3141369863013699,0.0,0.4179352182404734,100.0
PARP,2007-09-30,0.4341089380852224,BONCER,,0.0,0.3158630136986301,0.0,0.4341089380852224,100.0
PARP,2008-03-31,0.4547664936497153,BONCER,,0.0,0.3158630136986301,0.0,0.4547664936497153,100.0
PARP,2008-09-30,0.4734493282981288,BONCER,,0.0,0.3158630136986301,0.0,0.4734493282981288,100.0
PARP,2009-03-31,0.9050659459593168,BONCER,,0.0,0.5883835616438357,0.0,0.9050659459593168,100.0
PARP,2009-09-30,0.9369181734922798,BONCER,,0.0,0.5916164383561644,0.0,0.9369181734922798,100.0
PARP,2010-03-31,0.9821212721891812,BONCER,,0.0,0.5883835616438357,0.0,0.9821212721891812,100.0
PARP,2010-09-30,1.041560194631711,BONCER,,0.0,0.5916164383561644,0.0,1.041560194631711,100.0
PARP,2011-03-31,1.0840657473072464,BONCER,,0.0,0.5883835616438357,0.0,1.0840657473072464,100.0
PARP,2011-09-30,1.1426035416855782,BONCER,,0.0,0.5916164383561644,0.0,1.1426035416855782,100.0
PARP,2012-03-31,1.197025254163662,BONCER,,0.0,0.5916164383561644,0.0,1.197025254163662,100.0
PARP,2012-09-30,1.2551912965187908,BONCER,,0.0,0.5916164383561644,0.0,1.2551912965187908,100.0
PARP,2013-03-31,1.320248655899041,BONCER,,0.0,0.5883835616438357,0.0,1.320248655899041,100.0
PARP,2013-09-30,1.3888824699272737,BONCER,,0.0,0.5916164383561644,0.0,1.3888824699272737,100.0
PARP,2014-03-31,1.5113433486013437,BONCER,,0.0,0.5883835616438357,0.0,1.5113433486013437,100.0
PARP,2014-09-30,1.7033952689839509,BONCER,,0.0,0.5916164383561644,0.0,1.7033952689839509,100.0
PARP,2015-03-31,1.815396697076166,BONCER,,0.0,0.5883835616438357,0.0,1.815396697076166,100.0
PARP,2015-09-30,1.955255157777148,BONCER,,0.0,0.5916164383561644,0.0,1.955255157777148,100.0
PARP,2016-03-31,2.219197261230056,BONCER,,0.0,0.5916164383561644,0.0,2.219197261230056,100.0
PARP,2016-09-30,2.658338457361354,BONCER,,0.0,0.5916164383561644,0.0,2.658338457361354,100.0
PARP,2017-03-31,2.8584172323837373,BONCER,,0.0,0.5883835616438357,0.0,2.8584172323837373,100.0
PARP,2017-09-30,3.2283808692762257,BONCER,,0.0,0.5916164383561644,0.0,3.2283808692762257,100.0
PARP,2018-03-31,3.58678111589368,BONCER,,0.0,0.5883835616438357,0.0,3.58678111589368,100.0
PARP,2018-09-30,4.242962764857653,BONCER,,0.0,0.5916164383561644,0.0,4.242962764857653,100.0
PARP,2019-03-31,5.367814516391535,BONCER,,0.0,0.5883835616438357,0.0,5.367814516391535,100.0
PARP,2019-09-30,9.822303110067995,BONCER,,0.0,0.8874246575342467,0.0,9.822303110067995,100.0
PARP,2020-03-31,12.329140318809964,BONCER,,0.0,0.8874246575342467,0.0,12.329140318809964,100.0
PARP,2020-09-30,13.971956105149538,BONCER,,0.0,0.8874246575342467,0.0,13.971956105149538,100.0
PARP,2021-03-31,17.00178786196445,BONCER,,0.0,0.8825753424657535,0.0,17.00178786196445,100.0
PARP,2021-09-30,21.20924905948668,BONCER,,0.0,0.8874246575342467,0.0,21.20924905948668,100.0
PARP,2022-03-31,25.61963280481444,BONCER,,0.0,0.8825753424657535,0.0,25.61963280481444,100.0
PARP,2022-09-30,36.28615534496499,BONCER,,0.0,0.8874246575342467,0.0,36.28615534496499,100.0
PARP,2023-03-31,50.9334174358332,BONCER,,0.0,0.8825753424657535,0.0,50.9334174358332,100.0
PARP,2023-09-30,78.16707060993274,BONCER,,0.0,0.8874246575342467,0.0,78.16707060993274,100.0
PARP,2024-03-31,180.95309794086387,BONCER,,0.0,0.8874246575342467,0.0,180.95309794086387,100.0
PARP,2024-09-30,280.7971251600374,BONCER,,0.0,0.8874246575342467,0.0,280.7971251600374,100.0
PARP,2025-03-31,331.7260986657798,BONCER,,0.0,0.8825753424657535,0.0,331.7260986657798,100.0
PARP,2025-09-30,383.1555401876083,BONCER,,0.0,0.8874246575342467,0.0,383.1555401876083,100.0
PARP,2026-03-31,439.8770923019129,BONCER,,0.0,0.8825753424657535,0.0,439.8770923019129,100.0
PARP,2026-09-30,510.355237470692,BONCER,,0.0,0.8874246575342467,0.0,510.355237470692,100.0
PARP,2027-03-31,507.5664110364259,BONCER,,0.0,0.8825753424657535,0.0,507.5664110364259,100.0
PARP,2027-09-30,510.355237470692,BONCER,,0.0,0.8874246575342467,0.0,510.355237470692,100.0
PARP,2028-03-31,510.355237470692,BONCER,,0.0,0.8874246575342467,0.0,510.355237470692,100.0
PARP,2028-09-30,510.355237470692,BONCER,,0.0,0.8874246575342467,0.0,510.355237470692,100.0
PARP,2029-03-31,711.1664968193988,BONCER,,0.0,1.2366027397260275,0.0,711.1664968193988,100.0
PARP,2029-09-30,3590.5588878321496,BONCER,,5.0,1.243397260273973,2875.4848827884684,715.0740050436814,95.0
PARP,2030-03-31,3551.0930547668977,BONCER,,5.0,1.2366027397260275,2875.4848827884684,675.608171978429,90.0
PARP,2030-09-30,3519.0514873277816,BONCER,,5.0,1.243397260273973,2875.4848827884684,643.5666045393133,85.0
PARP,2031-03-31,3479.9764050849576,BONCER,,5.0,1.2366027397260275,2875.4848827884684,604.491522296489,80.0
PARP,2031-09-30,3447.5440868234136,BONCER,,5.0,1.243397260273973,2875.4848827884684,572.0592040349452,75.0
PARP,2032-03-31,3411.7903865712296,BONCER,,5.0,1.243397260273973,2875.4848827884684,536.3055037827611,70.0
PARP,2032-09-30,3376.0366863190457,BONCER,,5.0,1.243397260273973,2875.4848827884684,500.551803530577,65.0
PARP,2033-03-31,3337.743105721078,BONCER,,5.0,1.2366027397260275,2875.4848827884684,462.2582229326093,60.0
PARP,2033-09-30,3304.529285814677,BONCER,,5.0,1.243397260273973,2875.4848827884684,429.0444030262088,55.0
PARP,2034-03-31,3266.626456039138,BONCER,,5.0,1.2366027397260275,2875.4848827884684,391.1415732506695,50.0
PARP,2034-09-30,3233.021885310309,BONCER,,5.0,1.243397260273973,2875.4848827884684,357.5370025218407,45.0
PARP,2035-03-31,3195.509806357198,BONCER,,5.0,1.2366027397260275,2875.4848827884684,320.02492356872955,40.0
PARP,2035-09-30,3161.514484805941,BONCER,,5.0,1.243397260273973,2875.4848827884684,286.0296020174726,35.0
PARP,2036-03-31,3125.760784553757,BONCER,,5.0,1.243397260273973,2875.4848827884684,250.2759017652885,30.0
PARP,2036-09-30,3090.007084301573,BONCER,,5.0,1.243397260273973,2875.4848827884684,214.5222015131044,25.0
PARP,2037-03-31,3053.276506993318,BONCER,,5.0,1.2366027397260275,2875.4848827884684,177.7916242048497,20.0
PARP,2037-09-30,3018.499683797205,BONCER,,5.0,1.243397260273973,2875.4848827884684,143.0148010087363,15.0
PARP,2038-03-31,2982.1598573113783,BONCER,,5.0,1.2366027397260275,2875.4848827884684,106.67497452290984,10.0
PARP,2038-09-30,2946.9922832928364,BONCER,,5.0,1.243397260273973,2875.4848827884684,71.50740050436815,5.0
PARP,2038-12-31,2893.459420620168,BONCER,,5.0,0.6250958904109589,2875.4848827884684,17.974537831699095,0.0
TZXD6,2026-12-15,308.7291715021289,BONCER,,100.0,0.0,308.7291715021289,0.0,0.0
TZXD7,2027-12-15,308.7291715021289,BONCER,,100.0,0.0,308.7291715021289,0.0,0.0
TZXD8,2028-12-15,105.72504831533718,BONCER,,100.0,0.0,105.72504831533718,0.0,0.0
TZXM7,2027-03-31,231.59759294684093,BONCER,,100.0,0.0,231.59759294684093,0.0,0.0
TZXM8,2028-03-31,115.38823455895128,BONCER,,100.0,0.0,115.38823455895128,0.0,0.0
TZXM9,2029-03-28,115.28187534368516,BONCER,,100.0,0.0,115.28187534368516,0.0,0.0
TZXO6,2026-10-30,174.2785335920926,BONCER,,100.0,0.0,174.2785335920926,0.0,0.0
TZXO7,2027-10-29,105.72504831533718,BONCER,,100.0,0.0,105.72504831533718,0.0,0.0
TZXS7,2027-09-30,115.73076852910008,BONCER,,100.0,0.0,115.73076852910008,0.0,0.0
TZXS8,2028-09-30,115.73076852910008,BONCER,,100.0,0.0,115.73076852910008,0.0,0.0
TZXY7,2027-05-31,126.8500293092792,BONCER,,100.0,0.0,126.8500293092792,0.0,0.0
X29E7,2027-01-29,102.62048777015504,BONCER,,100.0,0.0,102.62048777015504,0.0,0.0
X30N6,2026-11-30,126.8500293092792,BONCER,,100.0,0.0,126.8500293092792,0.0,0.0
X30S6,2026-09-30,117.03784208952722,BONCER,,100.0,0.0,117.03784208952722,0.0,0.0
BPA8D,2025-10-31,1.0602739726027397,Bopreales,,0.0,1.0602739726027397,0.0,1.0602739726027397,100.0
BPA8D,2026-04-30,1.487671232876712,Bopreales,,0.0,1.487671232876712,0.0,1.487671232876712,100.0
BPA8D,2026-10-30,1.5041095890410958,Bopreales,,0.0,1.5041095890410958,0.0,1.5041095890410958,100.0
BPA8D,2027-04-30,1.495890410958904,Bopreales,,0.0,1.495890410958904,0.0,1.495890410958904,100.0
BPA8D,2027-11-01,1.5205479452054795,Bopreales,,0.0,1.520547945205479,0.0,1.5205479452054795,100.0
BPA8D,2028-05-01,1.495890410958904,Bopreales,,0.0,1.495890410958904,0.0,1.495890410958904,100.0
BPA8D,2028-10-31,101.5041095890411,Bopreales,,100.0,1.5041095890410958,100.0,1.5041095890410958,0.0
BPB7D,2024-10-31,4.10958904109589,Bopreales,,0.0,4.10958904109589,0.0,4.10958904109589,100.0
BPB7D,2025-04-30,2.47945205479452,Bopreales,,0.0,2.47945205479452,0.0,2.47945205479452,100.0
BPB7D,2025-10-31,2.52054794520548,Bopreales,,0.0,2.52054794520548,0.0,2.52054794520548,100.0
BPB7D,2026-04-30,2.47945205479452,Bopreales,,0.0,2.47945205479452,0.0,2.47945205479452,100.0
BPB7D,2026-11-02,2.547945205479452,Bopreales,,0.0,2.547945205479452,0.0,2.547945205479452,100.0
BPB7D,2027-04-30,52.45205479452055,Bopreales,,50.0,2.452054794520548,50.0,2.452054794520548,50.0
BPB7D,2027-11-01,51.26712328767123,Bopreales,,50.0,2.5342465753424657,50.0,1.2671232876712328,0.0
BPB8D,2025-10-31,1.0602739726027397,Bopreales,,0.0,1.0602739726027397,0.0,1.0602739726027397,100.0
BPB8D,2026-04-30,1.487671232876712,Bopreales,,0.0,1.487671232876712,0.0,1.487671232876712,100.0
BPB8D,2026-11-02,1.5287671232876712,Bopreales,,0.0,1.5287671232876712,0.0,1.5287671232876712,100.0
BPB8D,2027-04-30,1.4712328767123288,Bopreales,,0.0,1.4712328767123286,0.0,1.4712328767123288,100.0
BPB8D,2027-11-01,1.5205479452054795,Bopreales,,0.0,1.520547945205479,0.0,1.5205479452054795,100.0
BPB8D,2028-05-02,1.5041095890410958,Bopreales,,0.0,1.5041095890410958,0.0,1.5041095890410958,100.0
BPB8D,2028-10-31,101.4958904109589,Bopreales,,100.0,1.495890410958904,100.0,1.495890410958904,0.0
BPC7D,2024-10-31,4.097222222222222,Bopreales,,0.0,4.097222222222222,0.0,4.097222222222222,100.0
BPC7D,2025-04-30,2.5,Bopreales,,0.0,2.5,0.0,2.5,100.0
BPC7D,2025-10-30,2.5,Bopreales,,0.0,2.5,0.0,2.5,100.0
BPC7D,2026-04-30,2.5,Bopreales,,0.0,2.5,0.0,2.5,100.0
BPC7D,2026-10-30,2.5,Bopreales,,0.0,2.5,0.0,2.5,100.0
BPC7D,2027-04-30,52.5,Bopreales,,50.0,2.5,50.0,2.5,50.0
BPC7D,2027-11-01,51.25694444444444,Bopreales,,50.0,2.513888888888889,50.0,1.2569444444444444,0.0
D10Y7,2027-05-10,151368.38,Dollar Linked,,100.0,0.0,151368.38,0.0,0.0
D15E7,2027-01-15,151368.38,Dollar Linked,,100.0,0.0,151368.38,0.0,0.0
D30N6,2026-11-30,151368.38,Dollar Linked,,100.0,0.0,151368.38,0.0,0.0
D30O6,2026-10-30,151368.38,Dollar Linked,,100.0,0.0,151368.38,0.0,0.0
D30S6,2026-09-30,151368.38,Dollar Linked,,100.0,0.0,151368.38,0.0,0.0
D31M7,2027-03-31,151629.63999999998,Dollar Linked,,100.0,0.0,151629.63999999998,0.0,0.0
TZV27,2027-06-30,151629.63999999998,Dollar Linked,,100.0,0.0,151629.63999999998,0.0,0.0
TZV28,2028-06-30,151629.63999999998,Dollar Linked,,100.0,0.0,151629.63999999998,0.0,0.0
TZVD8,2028-12-15,151629.63999999998,Dollar Linked,,100.0,0.0,151629.63999999998,0.0,0.0
BPD7D,2024-10-31,4.10958904109589,Bopreales,,0.0,4.10958904109589,0.0,4.10958904109589,100.0
BPD7D,2025-04-30,2.47945205479452,Bopreales,,0.0,2.47945205479452,0.0,2.47945205479452,100.0
BPD7D,2025-10-31,2.52054794520548,Bopreales,,0.0,2.52054794520548,0.0,2.52054794520548,100.0
BPD7D,2026-04-30,2.47945205479452,Bopreales,,0.0,2.47945205479452,0.0,2.47945205479452,100.0
BPD7D,2026-11-02,2.547945205479452,Bopreales,,0.0,2.547945205479452,0.0,2.547945205479452,100.0
BPD7D,2027-04-30,52.45205479452055,Bopreales,,50.0,2.452054794520548,50.0,2.452054794520548,50.0
BPD7D,2027-11-01,51.26712328767123,Bopreales,,50.0,2.5342465753424657,50.0,1.2671232876712328,0.0
GD29D,2022-01-10,1.7527777777777778,Soberanos HD,,0.0,1.7527777777777778,0.0,1.7527777777777778,100.0
GD29D,2022-07-11,0.5027777777777778,Soberanos HD,,0.0,0.5027777777777778,0.0,0.5027777777777778,100.0
GD29D,2023-01-09,0.4944444444444444,Soberanos HD,,0.0,0.4944444444444444,0.0,0.4944444444444444,100.0
GD29D,2023-07-10,0.5027777777777778,Soberanos HD,,0.0,0.5027777777777778,0.0,0.5027777777777778,100.0
GD29D,2024-01-09,0.4972222222222222,Soberanos HD,,0.0,0.4972222222222222,0.0,0.4972222222222222,100.0
GD29D,2024-07-10,0.5027777777777778,Soberanos HD,,0.0,0.5027777777777778,0.0,0.5027777777777778,100.0
GD29D,2024-07-12,0.0055555555555555,Soberanos HD,,0.0,0.0055555555555555,0.0,0.0055555555555555,100.0
GD29D,2025-01-09,10.491666666666667,Soberanos HD,,10.0,0.4916666666666667,10.0,0.4916666666666668,90.0
GD29D,2025-07-10,10.4525,Soberanos HD,,10.0,0.5027777777777778,10.0,0.4525,80.0
GD29D,2026-01-09,10.397777777777778,Soberanos HD,,10.0,0.4972222222222222,10.0,0.3977777777777778,70.0
GD29D,2026-07-10,10.351944444444444,Soberanos HD,,10.0,0.5027777777777778,10.0,0.3519444444444444,60.0
GD29D,2027-01-11,10.301666666666666,Soberanos HD,,10.0,0.5027777777777778,10.0,0.3016666666666666,50.0
GD29D,2027-07-12,10.251388888888888,Soberanos HD,,10.0,0.5027777777777778,10.0,0.2513888888888889,40.0
GD29D,2028-01-10,10.197777777777778,Soberanos HD,,10.0,0.4944444444444444,10.0,0.1977777777777777,30.0
GD29D,2028-07-10,10.15,Soberanos HD,,10.0,0.5,10.0,0.15,20.0
GD29D,2029-01-09,10.099444444444444,Soberanos HD,,10.0,0.4972222222222222,10.0,0.0994444444444444,10.0
GD29D,2029-07-10,10.050277777777778,Soberanos HD,,10.0,0.5027777777777778,10.0,0.0502777777777777,0.0
GD30D,2021-07-09,0.1101388888888889,Soberanos HD,,0.0,0.1101388888888889,0.0,0.1101388888888889,100.0
GD30D,2022-01-09,0.25,Soberanos HD,,0.0,0.25,0.0,0.25,100.0
GD30D,2022-07-09,0.25,Soberanos HD,,0.0,0.25,0.0,0.25,100.0
GD30D,2023-01-09,0.25,Soberanos HD,,0.0,0.25,0.0,0.25,100.0
GD30D,2023-07-09,0.25,Soberanos HD,,0.0,0.25,0.0,0.25,100.0
GD30D,2024-01-09,0.375,Soberanos HD,,0.0,0.375,0.0,0.375,100.0
GD30D,2024-07-09,4.375,Soberanos HD,,4.0,0.375,4.0,0.375,96.0
GD30D,2025-01-09,8.36,Soberanos HD,,8.0,0.375,8.0,0.36,88.0
GD30D,2025-07-09,8.33,Soberanos HD,,8.0,0.375,8.0,0.3299999999999999,80.0
GD30D,2026-01-09,8.3,Soberanos HD,,8.0,0.375,8.0,0.3,72.0
GD30D,2026-07-09,8.27,Soberanos HD,,8.0,0.375,8.0,0.27,64.0
GD30D,2027-01-09,8.24,Soberanos HD,,8.0,0.375,8.0,0.24,56.0
GD30D,2027-07-09,8.21,Soberanos HD,,8.0,0.375,8.0,0.21,48.0
GD30D,2028-01-09,8.42,Soberanos HD,,8.0,0.8750000000000002,8.0,0.4200000000000001,40.0
GD30D,2028-07-09,8.35,Soberanos HD,,8.0,0.8750000000000002,8.0,0.3500000000000001,32.0
GD30D,2029-01-09,8.28,Soberanos HD,,8.0,0.8750000000000002,8.0,0.2800000000000001,24.0
GD30D,2029-07-09,8.21,Soberanos HD,,8.0,0.8750000000000002,8.0,0.21,16.0
GD30D,2030-01-09,8.14,Soberanos HD,,8.0,0.8750000000000002,8.0,0.14,8.0
GD30D,2030-07-09,8.07,Soberanos HD,,8.0,0.8750000000000002,8.0,0.07,0.0
GD35D,2021-07-12,0.1112222222222222,Soberanos HD,,0.0,0.1112222222222222,0.0,0.1112222222222222,100.0
GD35D,2022-01-10,0.5587222222222221,Soberanos HD,,0.0,0.5587222222222221,0.0,0.5587222222222221,100.0
GD35D,2022-07-11,0.5681388888888889,Soberanos HD,,0.0,0.5681388888888889,0.0,0.5681388888888889,100.0
GD35D,2023-01-09,0.7416666666666667,Soberanos HD,,0.0,0.7416666666666667,0.0,0.7416666666666667,100.0
GD35D,2023-07-10,0.7541666666666668,Soberanos HD,,0.0,0.7541666666666667,0.0,0.7541666666666668,100.0
GD35D,2024-01-09,1.8049166666666667,Soberanos HD,,0.0,1.8049166666666667,0.0,1.8049166666666667,100.0
GD35D,2024-07-10,1.8250833333333327,Soberanos HD,,0.0,1.8250833333333327,0.0,1.8250833333333327,100.0
GD35D,2025-01-09,2.053527777777778,Soberanos HD,,0.0,2.053527777777778,0.0,2.053527777777778,100.0
GD35D,2025-07-10,2.0764722222222227,Soberanos HD,,0.0,2.0764722222222227,0.0,2.0764722222222227,100.0
GD35D,2026-01-09,2.053527777777778,Soberanos HD,,0.0,2.053527777777778,0.0,2.053527777777778,100.0
GD35D,2026-07-10,2.0764722222222227,Soberanos HD,,0.0,2.0764722222222227,0.0,2.0764722222222227,100.0
GD35D,2027-01-11,2.0764722222222227,Soberanos HD,,0.0,2.0764722222222227,0.0,2.0764722222222227,100.0
GD35D,2027-07-12,2.0764722222222227,Soberanos HD,,0.0,2.0764722222222227,0.0,2.0764722222222227,100.0
GD35D,2028-01-10,2.348611111111111,Soberanos HD,,0.0,2.348611111111111,0.0,2.348611111111111,100.0
GD35D,2028-07-10,2.375,Soberanos HD,,0.0,2.375,0.0,2.375,100.0
GD35D,2029-01-09,2.486111111111111,Soberanos HD,,0.0,2.486111111111111,0.0,2.486111111111111,100.0
GD35D,2029-07-10,2.513888888888889,Soberanos HD,,0.0,2.513888888888889,0.0,2.513888888888889,100.0
GD35D,2030-01-09,2.486111111111111,Soberanos HD,,0.0,2.486111111111111,0.0,2.486111111111111,100.0
GD35D,2030-07-10,2.513888888888889,Soberanos HD,,0.0,2.513888888888889,0.0,2.513888888888889,100.0
GD35D,2031-01-09,12.48611111111111,Soberanos HD,,10.0,2.486111111111111,10.0,2.486111111111111,90.0
GD35D,2031-07-09,12.25,Soberanos HD,,10.0,2.5,10.0,2.25,80.0
GD35D,2032-01-09,12.0,Soberanos HD,,10.0,2.5,10.0,2.0,70.0
GD35D,2032-07-09,11.75,Soberanos HD,,10.0,2.5,10.0,1.75,60.0
GD35D,2033-01-10,11.508333333333333,Soberanos HD,,10.0,2.513888888888889,10.0,1.5083333333333335,50.0
GD35D,2033-07-11,11.256944444444445,Soberanos HD,,10.0,2.513888888888889,10.0,1.2569444444444444,40.0
GD35D,2034-01-09,10.988888888888887,Soberanos HD,,10.0,2.472222222222222,10.0,0.9888888888888888,30.0
GD35D,2034-07-10,10.754166666666666,Soberanos HD,,10.0,2.513888888888889,10.0,0.7541666666666668,20.0
GD35D,2035-01-09,10.497222222222222,Soberanos HD,,10.0,2.486111111111111,10.0,0.4972222222222222,10.0
GD35D,2035-07-09,10.25,Soberanos HD,,10.0,2.5,10.0,0.25,0.0
GD38D,2021-07-12,0.1112222222222222,Soberanos HD,,0.0,0.1112222222222222,0.0,0.1112222222222222,100.0
GD38D,2022-01-10,0.9888888888888888,Soberanos HD,,0.0,0.9888888888888888,0.0,0.9888888888888888,100.0
GD38D,2022-07-11,1.0055555555555555,Soberanos HD,,0.0,1.0055555555555555,0.0,1.0055555555555555,100.0
GD38D,2023-01-09,1.918444444444444,Soberanos HD,,0.0,1.918444444444444,0.0,1.918444444444444,100.0
GD38D,2023-07-10,1.9507777777777773,Soberanos HD,,0.0,1.9507777777777773,0.0,1.9507777777777773,100.0
GD38D,2024-01-09,2.1131944444444444,Soberanos HD,,0.0,2.1131944444444444,0.0,2.1131944444444444,100.0
GD38D,2024-07-10,2.136805555555556,Soberanos HD,,0.0,2.136805555555556,0.0,2.136805555555556,100.0
GD38D,2025-01-09,2.486111111111111,Soberanos HD,,0.0,2.486111111111111,0.0,2.486111111111111,100.0
GD38D,2025-07-10,2.513888888888889,Soberanos HD,,0.0,2.513888888888889,0.0,2.513888888888889,100.0
GD38D,2026-01-09,2.486111111111111,Soberanos HD,,0.0,2.486111111111111,0.0,2.486111111111111,100.0
GD38D,2026-07-10,2.513888888888889,Soberanos HD,,0.0,2.513888888888889,0.0,2.513888888888889,100.0
GD38D,2027-01-11,2.513888888888889,Soberanos HD,,0.0,2.513888888888889,0.0,2.513888888888889,100.0
GD38D,2027-07-12,7.059388888888888,Soberanos HD,,4.5455,2.513888888888889,4.5455,2.513888888888889,95.4545
GD38D,2028-01-10,6.90534736111111,Soberanos HD,,4.5455,2.472222222222222,4.5455,2.3598473611111106,90.909
GD38D,2028-07-10,6.818225,Soberanos HD,,4.5455,2.5,4.5455,2.2727250000000003,86.3635
GD38D,2029-01-09,6.692592569444445,Soberanos HD,,4.5455,2.486111111111111,4.5455,2.1470925694444447,81.818
GD38D,2029-07-10,6.602313611111111,Soberanos HD,,4.5455,2.513888888888889,4.5455,2.056813611111111,77.27250000000001
GD38D,2030-01-09,6.466580208333333,Soberanos HD,,4.5455,2.486111111111111,4.5455,1.9210802083333336,72.727
GD38D,2030-07-10,6.373775972222222,Soberanos HD,,4.5455,2.513888888888889,4.5455,1.8282759722222224,68.1815
GD38D,2031-01-09,6.240567847222222,Soberanos HD,,4.5455,2.486111111111111,4.5455,1.6950678472222225,63.636
GD38D,2031-07-09,6.1364,Soberanos HD,,4.5455,2.5,4.5455,1.5909000000000004,59.090500000000006
GD38D,2032-01-09,6.0227625,Soberanos HD,,4.5455,2.5,4.5455,1.4772625,54.54500000000001
GD38D,2032-07-09,5.909125,Soberanos HD,,4.5455,2.5,4.5455,1.3636250000000003,49.99950000000001
GD38D,2033-01-10,5.802431875,Soberanos HD,,4.5455,2.513888888888889,4.5455,1.2569318750000005,45.45400000000001
GD38D,2033-07-11,5.688163055555555,Soberanos HD,,4.5455,2.513888888888889,4.5455,1.1426630555555557,40.90850000000001
GD38D,2034-01-09,5.556849027777778,Soberanos HD,,4.5455,2.472222222222222,4.5455,1.011349027777778,36.363000000000014
GD38D,2034-07-10,5.4596254166666665,Soberanos HD,,4.5455,2.513888888888889,4.5455,0.914125416666667,31.81750000000001
GD38D,2035-01-09,5.336518402777777,Soberanos HD,,4.5455,2.486111111111111,4.5455,0.791018402777778,27.27200000000001
GD38D,2035-07-09,5.2273,Soberanos HD,,4.5455,2.5,4.5455,0.6818000000000002,22.7265
GD38D,2036-01-09,5.113662499999999,Soberanos HD,,4.5455,2.5,4.5455,0.5681625,18.181
GD38D,2036-07-09,5.000025,Soberanos HD,,4.5455,2.5,4.5455,0.4545249999999999,13.635499999999992
GD38D,2037-01-09,4.8863875,Soberanos HD,,4.5455,2.5,4.5455,0.3408874999999998,9.090000000000003
GD38D,2037-07-09,4.772749999999999,Soberanos HD,,4.5455,2.5,4.5455,0.2272500000000001,4.544499999999999
GD38D,2038-01-11,4.66037486111111,Soberanos HD,,4.5455,2.5277777777777777,4.5455,0.114874861111111,-0.0010000000000047
GD41D,2021-07-12,0.1112222222222222,Soberanos HD,,0.0,0.1112222222222222,0.0,0.1112222222222222,100.0
GD41D,2022-01-10,1.236111111111111,Soberanos HD,,0.0,1.236111111111111,0.0,1.236111111111111,100.0
GD41D,2022-07-11,1.2569444444444444,Soberanos HD,,0.0,1.2569444444444444,0.0,1.2569444444444444,100.0
GD41D,2023-01-09,1.730555555555556,Soberanos HD,,0.0,1.7305555555555558,0.0,1.730555555555556,100.0
GD41D,2023-07-10,1.7597222222222226,Soberanos HD,,0.0,1.7597222222222226,0.0,1.7597222222222226,100.0
GD41D,2024-01-09,1.740277777777778,Soberanos HD,,0.0,1.740277777777778,0.0,1.740277777777778,100.0
GD41D,2024-07-10,1.7597222222222226,Soberanos HD,,0.0,1.7597222222222226,0.0,1.7597222222222226,100.0
GD41D,2025-01-09,1.740277777777778,Soberanos HD,,0.0,1.740277777777778,0.0,1.740277777777778,100.0
GD41D,2025-07-10,1.7597222222222226,Soberanos HD,,0.0,1.7597222222222226,0.0,1.7597222222222226,100.0
GD41D,2026-01-09,1.740277777777778,Soberanos HD,,0.0,1.740277777777778,0.0,1.740277777777778,100.0
GD41D,2026-07-10,1.7597222222222226,Soberanos HD,,0.0,1.7597222222222226,0.0,1.7597222222222226,100.0
GD41D,2027-01-11,1.7597222222222226,Soberanos HD,,0.0,1.7597222222222226,0.0,1.7597222222222226,100.0
GD41D,2027-07-12,1.7597222222222226,Soberanos HD,,0.0,1.7597222222222226,0.0,1.7597222222222226,100.0
GD41D,2028-01-10,5.301955555555556,Soberanos HD,,3.5714,1.7305555555555558,3.5714,1.730555555555556,96.4286
GD41D,2028-07-10,5.2589005,Soberanos HD,,3.5714,1.7500000000000004,3.5714,1.6875005000000003,92.8572
GD41D,2029-01-09,5.187373216666667,Soberanos HD,,3.5714,1.740277777777778,3.5714,1.6159732166666672,89.2858
GD41D,2029-07-10,5.142582063888889,Soberanos HD,,3.5714,1.7597222222222226,3.5714,1.5711820638888891,85.7144
GD41D,2030-01-09,5.651212296888888,Soberanos HD,,3.5714,2.4264444444444444,3.5714,2.0798122968888886,82.143
GD41D,2030-07-10,5.586824139999999,Soberanos HD,,3.5714,2.4535555555555555,3.5714,2.01542414,78.5716
GD41D,2031-01-09,5.477896223111111,Soberanos HD,,3.5714,2.4264444444444444,3.5714,1.906496223111111,75.0002
GD41D,2031-07-09,5.401404879999999,Soberanos HD,,3.5714,2.44,3.5714,1.83000488,71.4288
GD41D,2032-01-09,5.314262719999999,Soberanos HD,,3.5714,2.44,3.5714,1.7428627199999998,67.8574
GD41D,2032-07-09,5.22712056,Soberanos HD,,3.5714,2.44,3.5714,1.6557205599999998,64.286
GD41D,2033-01-10,5.1486927244444445,Soberanos HD,,3.5714,2.4535555555555555,3.5714,1.5772927244444443,60.7146
GD41D,2033-07-11,5.061066441333333,Soberanos HD,,3.5714,2.4535555555555555,3.5714,1.4896664413333331,57.1432
GD41D,2034-01-09,4.950201923555555,Soberanos HD,,3.5714,2.412888888888889,3.5714,1.3788019235555555,53.5718
GD41D,2034-07-10,4.885813875111111,Soberanos HD,,3.5714,2.4535555555555555,3.5714,1.3144138751111112,50.000400000000006
GD41D,2035-01-09,4.784631928,Soberanos HD,,3.5714,2.4264444444444444,3.5714,1.213231928,46.42900000000001
GD41D,2035-07-09,4.7042676,Soberanos HD,,3.5714,2.44,3.5714,1.1328676000000002,42.85760000000001
GD41D,2036-01-09,4.61712544,Soberanos HD,,3.5714,2.44,3.5714,1.0457254400000002,39.286200000000015
GD41D,2036-07-09,4.52998328,Soberanos HD,,3.5714,2.44,3.5714,0.9585832800000004,35.71480000000001
GD41D,2037-01-09,4.44284112,Soberanos HD,,3.5714,2.44,3.5714,0.8714411200000002,32.1434
GD41D,2037-07-09,4.35569896,Soberanos HD,,3.5714,2.44,3.5714,0.7842989599999999,28.572000000000003
GD41D,2038-01-11,4.276302986666666,Soberanos HD,,3.5714,2.467111111111111,3.5714,0.7049029866666666,25.00060000000001
GD41D,2038-07-09,4.174636699555555,Soberanos HD,,3.5714,2.412888888888889,3.5714,0.6032366995555557,21.42920000000001
GD41D,2039-01-10,4.097177327111111,Soberanos HD,,3.5714,2.4535555555555555,3.5714,0.5257773271111112,17.85780000000001
GD41D,2039-07-11,4.009551044,Soberanos HD,,3.5714,2.4535555555555555,3.5714,0.4381510440000002,14.286400000000016
GD41D,2040-01-09,3.9161149582222223,Soberanos HD,,3.5714,2.412888888888889,3.5714,0.3447149582222225,10.715000000000018
GD41D,2040-07-09,3.832846,Soberanos HD,,3.5714,2.44,3.5714,0.2614460000000004,7.143600000000021
GD41D,2041-01-09,3.74570384,Soberanos HD,,3.5714,2.44,3.5714,0.1743038400000005,3.5722000000000094
GD41D,2041-07-09,3.65856168,Soberanos HD,,3.5714,2.44,3.5714,0.0871616800000002,0.0008000000000123
GD46D,2021-07-12,0.1112222222222222,Soberanos HD,,0.0,0.1112222222222222,0.0,0.1112222222222222,100.0
GD46D,2022-01-10,0.5587222222222221,Soberanos HD,,0.0,0.5587222222222221,0.0,0.5587222222222221,100.0
GD46D,2022-07-11,0.5681388888888889,Soberanos HD,,0.0,0.5681388888888889,0.0,0.5681388888888889,100.0
GD46D,2023-01-09,0.7416666666666667,Soberanos HD,,0.0,0.7416666666666667,0.0,0.7416666666666667,100.0
GD46D,2023-07-10,0.7541666666666668,Soberanos HD,,0.0,0.7541666666666667,0.0,0.7541666666666668,100.0
GD46D,2024-01-09,1.8049166666666667,Soberanos HD,,0.0,1.8049166666666667,0.0,1.8049166666666667,100.0
GD46D,2024-07-10,1.8250833333333327,Soberanos HD,,0.0,1.8250833333333327,0.0,1.8250833333333327,100.0
GD46D,2025-01-09,4.326227777777778,Soberanos HD,,2.2727,2.053527777777778,2.2727,2.053527777777778,97.7273
GD46D,2025-07-10,4.301980238027778,Soberanos HD,,2.2727,2.0764722222222227,2.2727,2.0292802380277783,95.4546
GD46D,2026-01-09,4.232886726166667,Soberanos HD,,2.2727,2.053527777777778,2.2727,1.960186726166667,93.1819
GD46D,2026-07-10,4.2075962696388896,Soberanos HD,,2.2727,2.0764722222222227,2.2727,1.9348962696388887,90.9092
GD46D,2027-01-11,4.160404285444445,Soberanos HD,,2.2727,2.0764722222222227,2.2727,1.8877042854444448,88.6365
GD46D,2027-07-12,4.11321230125,Soberanos HD,,2.2727,2.0764722222222227,2.2727,1.84051230125,86.3638
GD46D,2028-01-10,4.143052028666666,Soberanos HD,,2.2727,2.165666666666666,2.2727,1.8703520286666664,84.0911
GD46D,2028-07-10,4.11429509,Soberanos HD,,2.2727,2.19,2.2727,1.84159509,81.8184
GD46D,2029-01-09,4.306796333333333,Soberanos HD,,2.2727,2.486111111111111,2.2727,2.0340963333333333,79.54570000000001
GD46D,2029-07-10,4.2723905138888885,Soberanos HD,,2.2727,2.513888888888889,2.2727,1.999690513888889,77.273
GD46D,2030-01-09,4.193792638888889,Soberanos HD,,2.2727,2.486111111111111,2.2727,1.9210926388888887,75.00030000000001
GD46D,2030-07-10,4.158124208333334,Soberanos HD,,2.2727,2.513888888888889,2.2727,1.8854242083333328,72.7276
GD46D,2031-01-09,4.0807889444444445,Soberanos HD,,2.2727,2.486111111111111,2.2727,1.8080889444444443,70.45490000000001
GD46D,2031-07-09,4.034072500000001,Soberanos HD,,2.2727,2.5,2.2727,1.7613725000000002,68.1822
GD46D,2032-01-09,3.977255,Soberanos HD,,2.2727,2.5,2.2727,1.704555,65.90950000000001
GD46D,2032-07-09,3.9204375,Soberanos HD,,2.2727,2.5,2.2727,1.6477375000000003,63.6368
GD46D,2033-01-10,3.872458444444444,Soberanos HD,,2.2727,2.513888888888889,2.2727,1.5997584444444444,61.36410000000001
GD46D,2033-07-11,3.8153252916666665,Soberanos HD,,2.2727,2.513888888888889,2.2727,1.5426252916666667,59.09140000000001
GD46D,2034-01-09,3.733570722222222,Soberanos HD,,2.2727,2.472222222222222,2.2727,1.460870722222222,56.81870000000001
GD46D,2034-07-10,3.701058986111111,Soberanos HD,,2.2727,2.513888888888889,2.2727,1.4283589861111112,54.54600000000001
GD46D,2035-01-09,3.628774166666667,Soberanos HD,,2.2727,2.486111111111111,2.2727,1.356074166666667,52.273300000000006
GD46D,2035-07-09,3.5795325,Soberanos HD,,2.2727,2.5,2.2727,1.3068325,50.000600000000006
GD46D,2036-01-09,3.5227150000000003,Soberanos HD,,2.2727,2.5,2.2727,1.2500150000000003,47.727900000000005
GD46D,2036-07-09,3.4658975,Soberanos HD,,2.2727,2.5,2.2727,1.1931975,45.455200000000005
GD46D,2037-01-09,3.4090800000000003,Soberanos HD,,2.2727,2.5,2.2727,1.1363800000000002,43.182500000000005
GD46D,2037-07-09,3.3522625,Soberanos HD,,2.2727,2.5,2.2727,1.0795625000000002,40.9098
GD46D,2038-01-11,3.306808833333333,Soberanos HD,,2.2727,2.5277777777777777,2.2727,1.0341088333333337,38.6371
GD46D,2038-07-09,3.227894972222222,Soberanos HD,,2.2727,2.472222222222222,2.2727,0.9551949722222222,36.3644
GD46D,2039-01-10,3.186860611111112,Soberanos HD,,2.2727,2.513888888888889,2.2727,0.9141606111111112,34.0917
GD46D,2039-07-11,3.129727458333333,Soberanos HD,,2.2727,2.513888888888889,2.2727,0.8570274583333334,31.819000000000003
GD46D,2040-01-09,3.0593363888888887,Soberanos HD,,2.2727,2.472222222222222,2.2727,0.7866363888888889,29.5463
GD46D,2040-07-09,3.0113575,Soberanos HD,,2.2727,2.5,2.2727,0.7386575000000001,27.2736
GD46D,2041-01-09,2.95454,Soberanos HD,,2.2727,2.5,2.2727,0.6818400000000001,25.0009
GD46D,2041-07-09,2.8977225,Soberanos HD,,2.2727,2.5,2.2727,0.6250225,22.7282
GD46D,2042-01-09,2.840905,Soberanos HD,,2.2727,2.5,2.2727,0.5682050000000001,20.4555
GD46D,2042-07-09,2.7840875,Soberanos HD,,2.2727,2.5,2.2727,0.5113875,18.1828
GD46D,2043-01-09,2.72727,Soberanos HD,,2.2727,2.5,2.2727,0.45457,15.9101
GD46D,2043-07-09,2.6704525,Soberanos HD,,2.2727,2.5,2.2727,0.3977525,13.6374
GD46D,2044-01-11,2.6174231666666667,Soberanos HD,,2.2727,2.5277777777777777,2.2727,0.3447231666666666,11.3647
GD46D,2044-07-11,2.5568175,Soberanos HD,,2.2727,2.5,2.2727,0.2841174999999999,9.092
GD46D,2045-01-09,2.4974744444444443,Soberanos HD,,2.2727,2.472222222222222,2.2727,0.2247744444444443,6.819299999999998
GD46D,2045-07-10,2.444129625,Soberanos HD,,2.2727,2.513888888888889,2.2727,0.1714296249999999,4.546599999999998
GD46D,2046-01-09,2.3857335277777776,Soberanos HD,,2.2727,2.486111111111111,2.2727,0.1130335277777777,2.2738999999999976
GD46D,2046-07-09,2.3295475,Soberanos HD,,2.2727,2.5,2.2727,0.0568474999999999,0.0011999999999972
S13N6,2026-11-13,109.651385,Tasa Fija,,100.0,0.0,100.0,9.651385000000005,0.0
S16O6,2026-10-16,105.275252,Tasa Fija,,100.0,0.0,100.0,5.275251999999995,0.0
S29E7,2027-01-29,111.684903,Tasa Fija,,100.0,0.0,100.0,11.684903000000006,0.0
S30N6,2026-11-30,129.889,Tasa Fija,,100.0,0.0,100.0,29.88900000000001,0.0
S30O6,2026-10-30,135.2782,Tasa Fija,,100.0,0.0,100.0,35.2782,0.0
S30S6,2026-09-30,117.535626,Tasa Fija,,100.0,0.0,100.0,17.535625999999993,0.0
T15E7,2027-01-15,161.1037734247,Tasa Fija,,100.0,0.0,100.0,61.1037734247,0.0
T30A7,2027-04-30,157.3402,Tasa Fija,,100.0,0.0,100.0,57.34020000000001,0.0
T30J7,2027-06-30,156.037291,Tasa Fija,,100.0,0.0,100.0,56.03729100000001,0.0
T31Y7,2027-05-31,152.1845,Tasa Fija,,100.0,0.0,100.0,52.184500000000014,0.0
TO26,2017-04-17,7.75,Tasa Fija,,0.0,7.75,0.0,7.75,100.0
TO26,2017-10-17,7.75,Tasa Fija,,0.0,7.75,0.0,7.75,100.0
TO26,2018-04-17,7.75,Tasa Fija,,0.0,7.75,0.0,7.75,100.0
TO26,2018-10-17,7.75,Tasa Fija,,0.0,7.75,0.0,7.75,100.0
TO26,2019-04-17,7.75,Tasa Fija,,0.0,7.75,0.0,7.75,100.0
TO26,2019-10-17,7.75,Tasa Fija,,0.0,7.75,0.0,7.75,100.0
TO26,2020-04-17,7.75,Tasa Fija,,0.0,7.75,0.0,7.75,100.0
TO26,2020-10-19,7.836111111111112,Tasa Fija,,0.0,7.836111111111111,0.0,7.836111111111112,100.0
TO26,2021-04-19,7.75,Tasa Fija,,0.0,7.75,0.0,7.75,100.0
TO26,2021-10-18,7.706944444444446,Tasa Fija,,0.0,7.706944444444445,0.0,7.706944444444446,100.0
TO26,2022-04-18,7.75,Tasa Fija,,0.0,7.75,0.0,7.75,100.0
TO26,2022-10-17,7.706944444444446,Tasa Fija,,0.0,7.706944444444445,0.0,7.706944444444446,100.0
TO26,2023-04-17,7.75,Tasa Fija,,0.0,7.75,0.0,7.75,100.0
TO26,2023-10-17,7.75,Tasa Fija,,0.0,7.75,0.0,7.75,100.0
TO26,2024-04-17,7.75,Tasa Fija,,0.0,7.75,0.0,7.75,100.0
TO26,2024-10-17,7.75,Tasa Fija,,0.0,7.75,0.0,7.75,100.0
TO26,2025-04-17,7.75,Tasa Fija,,0.0,7.75,0.0,7.75,100.0
TO26,2025-10-17,7.75,Tasa Fija,,0.0,7.75,0.0,7.75,100.0
TO26,2026-04-17,7.75,Tasa Fija,,0.0,7.75,0.0,7.75,100.0
TO26,2026-10-19,107.83611111111112,Tasa Fija,,100.0,7.836111111111111,100.0,7.836111111111112,0.0
TY30P,2025-12-01,14.504166666666665,Tasa Fija,,0.0,14.504166666666666,0.0,14.504166666666665,100.0
TY30P,2026-06-01,14.75,Tasa Fija,,0.0,14.75,0.0,14.75,100.0
TY30P,2026-11-30,14.668055555555556,Tasa Fija,,0.0,14.668055555555556,0.0,14.668055555555556,100.0
TY30P,2027-05-31,14.75,Tasa Fija,,0.0,14.75,0.0,14.75,100.0
TY30P,2027-11-30,14.75,Tasa Fija,,0.0,14.75,0.0,14.75,100.0
TY30P,2028-05-30,14.75,Tasa Fija,,0.0,14.75,0.0,14.75,100.0
TY30P,2028-11-30,14.75,Tasa Fija,,0.0,14.75,0.0,14.75,100.0
TY30P,2029-05-30,14.75,Tasa Fija,,0.0,14.75,0.0,14.75,100.0
TY30P,2029-11-30,14.75,Tasa Fija,,0.0,14.75,0.0,14.75,100.0
TY30P,2030-05-30,114.75,Tasa Fija,,100.0,14.75,100.0,14.75,0.0
