Date,CPI_MoM
01/02/1913,0.0
01/03/1913,0.0
01/04/1913,0.0
01/05/1913,-0.010204081632653206
01/06/1913,0.010309278350515611
01/07/1913,0.010204081632653024
01/08/1913,0.0
01/09/1913,0.010101010101010065
01/10/1913,0.0
01/11/1913,0.009999999999999964
01/12/1913,-0.009900990099009866
01/01/1914,0.0
01/02/1914,-0.009999999999999964
01/03/1914,0.0
01/04/1914,-0.010101010101010065
01/05/1914,0.010204081632653024
01/06/1914,0.0
01/07/1914,0.010101010101010065
01/08/1914,0.019999999999999928
01/09/1914,0.0
01/10/1914,-0.009803921568627416
01/11/1914,0.009900990099009866
01/12/1914,-0.009803921568627416
01/01/1915,0.0
01/02/1915,-0.009900990099009866
01/03/1915,-0.009999999999999964
01/04/1915,0.010101010101010065
01/05/1915,0.009999999999999964
01/06/1915,0.0
01/07/1915,0.0
01/08/1915,0.0
01/09/1915,0.0
01/10/1915,0.009900990099009866
01/11/1915,0.009803921568627591
01/12/1915,0.0
01/01/1916,0.009708737864077634
01/02/1916,0.0
01/03/1916,0.009615384615384581
01/04/1916,0.00952380952380949
01/05/1916,0.00943396226415091
01/06/1916,0.009345794392523497
01/07/1916,0.0
01/08/1916,0.009259259259259226
01/09/1916,0.018348623853210944
01/10/1916,0.018018018018018115
01/11/1916,0.017699115044247725
01/12/1916,0.008695652173913012
01/01/1917,0.008620689655172384
01/02/1917,0.025641025641025703
01/03/1917,0.0
01/04/1917,0.04999999999999997
01/05/1917,0.01587301587301596
01/06/1917,0.015624999999999944
01/07/1917,-0.01538461538461533
01/08/1917,0.015624999999999944
01/09/1917,0.02307692307692313
01/10/1917,0.015037593984962351
01/11/1917,0.0
01/12/1917,0.014814814814814762
01/01/1918,0.021897810218978155
01/02/1918,0.0071428571428571175
01/03/1918,-0.007092198581560258
01/04/1918,0.014285714285714235
01/05/1918,0.021126760563380333
01/06/1918,0.013793103448275813
01/07/1918,0.027210884353741523
01/08/1918,0.019867549668874218
01/09/1918,0.01948051948051941
01/10/1918,0.019108280254777118
01/11/1918,0.018750000000000044
01/12/1918,0.012269938650306704
01/01/1919,0.0
01/02/1919,-0.018181818181818226
01/03/1919,0.012345679012345635
01/04/1919,0.018292682926829312
01/05/1919,0.011976047904191574
01/06/1919,0.0
01/07/1919,0.02958579881656805
01/08/1919,0.01724137931034487
01/09/1919,0.005649717514124374
01/10/1919,0.0168539325842697
01/11/1919,0.022099447513812074
01/12/1919,0.021621621621621546
01/01/1920,0.021164021164021277
01/02/1920,0.010362694300518097
01/03/1920,0.01025641025641022
01/04/1920,0.030456852791878247
01/05/1920,0.014778325123152743
01/06/1920,0.014563106796116367
01/07/1920,-0.004784688995215209
01/08/1920,-0.024038461538461536
01/09/1920,-0.014778325123152743
01/10/1920,-0.005000000000000071
01/11/1920,-0.005025125628140597
01/12/1920,-0.020202020202020308
01/01/1921,-0.020618556701030855
01/02/1921,-0.03157894736842113
01/03/1921,-0.005434782608695537
01/04/1921,-0.01092896174863384
01/05/1921,-0.022099447513812272
01/06/1921,-0.005649717514124173
01/07/1921,0.0056818181818180605
01/08/1921,0.0
01/09/1921,-0.011299435028248548
01/10/1921,0.0
01/11/1921,-0.005714285714285796
01/12/1921,-0.005747126436781487
01/01/1922,-0.023121387283237118
01/02/1922,0.0
01/03/1922,-0.011834319526627177
01/04/1922,0.0
01/05/1922,0.0
01/06/1922,0.0
01/07/1922,0.005988023952095894
01/08/1922,-0.011904761904761862
01/09/1922,0.0
01/10/1922,0.00602409638554204
01/11/1922,0.005988023952095894
01/12/1922,0.005952380952380825
01/01/1923,-0.0059171597633134836
01/02/1923,0.0
01/03/1923,0.0
01/04/1923,0.005952380952380825
01/05/1923,0.0
01/06/1923,0.005917159763313694
01/07/1923,0.0117647058823529
01/08/1923,-0.005813953488371969
01/09/1923,0.005847953216374144
01/10/1923,0.005813953488372176
01/11/1923,0.0
01/12/1923,0.0
01/01/1924,0.0
01/02/1924,-0.005780346820809331
01/03/1924,-0.005813953488371969
01/04/1924,-0.005847953216374352
01/05/1924,0.0
01/06/1924,0.0
01/07/1924,0.005882352941176554
01/08/1924,-0.005847953216374352
01/09/1924,0.005882352941176554
01/10/1924,0.005847953216374144
01/11/1924,0.0
01/12/1924,0.005813953488372176
01/01/1925,0.0
01/02/1925,-0.005780346820809331
01/03/1925,0.005813953488372176
01/04/1925,-0.005780346820809331
01/05/1925,0.005813953488372176
01/06/1925,0.011560693641618455
01/07/1925,0.011428571428571389
01/08/1925,0.0
01/09/1925,0.0
01/10/1925,0.0
01/11/1925,0.016949152542372923
01/12/1925,-0.005555555555555635
01/01/1926,0.0
01/02/1926,0.0
01/03/1926,-0.005586592178770831
01/04/1926,0.005617977528089768
01/05/1926,-0.005586592178770831
01/06/1926,-0.005617977528089967
01/07/1926,-0.011299435028248548
01/08/1926,-0.005714285714285796
01/09/1926,0.0057471264367816915
01/10/1926,0.005714285714285796
01/11/1926,0.0056818181818180605
01/12/1926,0.0
01/01/1927,-0.011299435028248548
01/02/1927,-0.005714285714285796
01/03/1927,-0.005747126436781487
01/04/1927,0.0
01/05/1927,0.005780346820809125
01/06/1927,0.011494252873563383
01/07/1927,-0.017045454545454586
01/08/1927,-0.005780346820809331
01/09/1927,0.005813953488372176
01/10/1927,0.005780346820809125
01/11/1927,-0.005747126436781487
01/12/1927,0.0
01/01/1928,0.0
01/02/1928,-0.011560693641618455
01/03/1928,0.0
01/04/1928,0.0
01/05/1928,0.005847953216374144
01/06/1928,-0.005813953488371969
01/07/1928,0.0
01/08/1928,0.0
01/09/1928,0.011695906432748496
01/10/1928,-0.005780346820809331
01/11/1928,0.0
01/12/1928,-0.005813953488371969
01/01/1929,0.0
01/02/1929,0.0
01/03/1929,-0.005847953216374352
01/04/1929,-0.005882352941176554
01/05/1929,0.005917159763313694
01/06/1929,0.005882352941176554
01/07/1929,0.011695906432748496
01/08/1929,0.0
01/09/1929,0.0
01/10/1929,0.0
01/11/1929,0.0
01/12/1929,-0.005780346820809331
01/01/1930,-0.005813953488371969
01/02/1930,-0.005847953216374352
01/03/1930,-0.005882352941176554
01/04/1930,0.005917159763313694
01/05/1930,-0.005882352941176554
01/06/1930,-0.0059171597633134836
01/07/1930,-0.011904761904761862
01/08/1930,-0.006024096385542254
01/09/1930,0.0060606060606061465
01/10/1930,-0.006024096385542254
01/11/1930,-0.0060606060606061465
01/12/1930,-0.018292682926829097
01/01/1931,-0.01242236024844727
01/02/1931,-0.012578616352201324
01/03/1931,-0.0063694267515923345
01/04/1931,-0.0064102564102563875
01/05/1931,-0.012903225806451568
01/06/1931,-0.013071895424836671
01/07/1931,0.0
01/08/1931,0.0
01/09/1931,-0.006622516556291367
01/10/1931,-0.006666666666666643
01/11/1931,-0.01342281879194638
01/12/1931,-0.0068027210884353505
01/01/1932,-0.020547945205479378
01/02/1932,-0.01398601398601406
01/03/1932,-0.007092198581560258
01/04/1932,-0.0071428571428571175
01/05/1932,-0.01438848920863317
01/06/1932,-0.007299270072992675
01/07/1932,0.0
01/08/1932,-0.007352941176470562
01/09/1932,-0.007407407407407381
01/10/1932,-0.007462686567164152
01/11/1932,-0.007518796992481309
01/12/1932,-0.007575757575757549
01/01/1933,-0.01526717557251903
01/02/1933,-0.015503875968992331
01/03/1933,-0.007874015748031468
01/04/1933,0.0
01/05/1933,0.0
01/06/1933,0.007936507936507908
01/07/1933,0.03149606299212601
01/08/1933,0.007633587786259515
01/09/1933,0.0
01/10/1933,0.0
01/11/1933,0.0
01/12/1933,0.0
01/01/1934,0.0
01/02/1934,0.0075757575757576835
01/03/1934,0.0
01/04/1934,0.0
01/05/1934,0.0
01/06/1934,0.007518796992481176
01/07/1934,0.0
01/08/1934,0.0
01/09/1934,0.014925373134328304
01/10/1934,-0.007352941176470562
01/11/1934,0.0
01/12/1934,-0.007407407407407381
01/01/1935,0.014925373134328304
01/02/1935,0.007352941176470562
01/03/1935,0.0
01/04/1935,0.007299270072992805
01/05/1935,0.0
01/06/1935,-0.007246376811594305
01/07/1935,0.0
01/08/1935,0.0
01/09/1935,0.0
01/10/1935,0.0
01/11/1935,0.007299270072992805
01/12/1935,0.0
01/01/1936,0.0
01/02/1936,0.0
01/03/1936,-0.007246376811594305
01/04/1936,0.0
01/05/1936,0.0
01/06/1936,0.007299270072992805
01/07/1936,0.007246376811594177
01/08/1936,0.007194244604316521
01/09/1936,0.0
01/10/1936,0.0
01/11/1936,0.0
01/12/1936,0.0
01/01/1937,0.0071428571428571175
01/02/1937,0.0
01/03/1937,0.007092198581560258
01/04/1937,0.007042253521126861
01/05/1937,0.006993006993006968
01/06/1937,0.0
01/07/1937,0.00694444444444442
01/08/1937,0.0
01/09/1937,0.006896551724137907
01/10/1937,0.0
01/11/1937,-0.006849315068493127
01/12/1937,-0.006896551724137907
01/01/1938,-0.013888888888888963
01/02/1938,-0.007042253521126736
01/03/1938,0.0
01/04/1938,0.007092198581560258
01/05/1938,-0.007042253521126736
01/06/1938,0.0
01/07/1938,0.0
01/08/1938,0.0
01/09/1938,0.0
01/10/1938,-0.007092198581560258
01/11/1938,0.0
01/12/1938,0.0
01/01/1939,0.0
01/02/1939,-0.0071428571428571175
01/03/1939,0.0
01/04/1939,-0.007194244604316521
01/05/1939,0.0
01/06/1939,0.0
01/07/1939,0.0
01/08/1939,0.0
01/09/1939,0.021739130434782532
01/10/1939,-0.007092198581560258
01/11/1939,0.0
01/12/1939,0.0
01/01/1940,-0.0071428571428571175
01/02/1940,0.007194244604316521
01/03/1940,0.0
01/04/1940,0.0
01/05/1940,0.0
01/06/1940,0.0071428571428571175
01/07/1940,-0.007092198581560258
01/08/1940,0.0
01/09/1940,0.0
01/10/1940,0.0
01/11/1940,0.0
01/12/1940,0.0071428571428571175
01/01/1941,0.0
01/02/1941,0.0
01/03/1941,0.007092198581560258
01/04/1941,0.007042253521126861
01/05/1941,0.006993006993006968
01/06/1941,0.02083333333333326
01/07/1941,0.0
01/08/1941,0.01360544217687082
01/09/1941,0.01342281879194626
01/10/1941,0.013245033112582853
01/11/1941,0.006535947712418277
01/12/1941,0.0064935064935064705
01/01/1942,0.012903225806451568
01/02/1942,0.006369426751592447
01/03/1942,0.01265822784810122
01/04/1942,0.006250000000000089
01/05/1942,0.012422360248447159
01/06/1942,0.0
01/07/1942,0.006134969325153243
01/08/1942,0.006097560975609843
01/09/1942,0.0
01/10/1942,0.012121212121212078
01/11/1942,0.005988023952095894
01/12/1942,0.005952380952380825
01/01/1943,0.0
01/02/1943,0.0
01/03/1943,0.01775147928994087
01/04/1943,0.011627906976744146
01/05/1943,0.0057471264367816915
01/06/1943,0.0
01/07/1943,-0.005714285714285796
01/08/1943,-0.005747126436781487
01/09/1943,0.005780346820809125
01/10/1943,0.0
01/11/1943,0.0
01/12/1943,0.0
01/01/1944,0.0
01/02/1944,0.0
01/03/1944,0.0
01/04/1944,0.0057471264367816915
01/05/1944,0.0
01/06/1944,0.005714285714285796
01/07/1944,0.0056818181818180605
01/08/1944,0.0
01/09/1944,0.0
01/10/1944,0.0
01/11/1944,0.0
01/12/1944,0.005649717514124374
01/01/1945,0.0
01/02/1945,0.0
01/03/1945,0.0
01/04/1945,0.0
01/05/1945,0.005617977528089768
01/06/1945,0.01117318435754206
01/07/1945,0.0
01/08/1945,0.0
01/09/1945,0.0
01/10/1945,0.0
01/11/1945,0.0
01/12/1945,0.0055248618784529205
01/01/1946,0.0
01/02/1946,-0.005494505494505378
01/03/1946,0.011049723756906037
01/04/1946,0.005464480874316823
01/05/1946,0.00543478260869573
01/06/1946,0.010810810810810773
01/07/1946,0.05882352941176478
01/08/1946,0.02020202020202013
01/09/1946,0.009900990099009866
01/10/1946,0.01960784313725501
01/11/1946,0.024038461538461536
01/12/1946,0.009389671361502313
01/02/1947,0.006517690875232907
01/03/1947,0.01757631822386685
01/04/1947,0.0
01/05/1947,-0.002272727272727315
01/06/1947,0.005922551252847352
01/07/1947,0.006793478260869623
01/08/1947,0.007647323436797082
01/09/1947,0.01964285714285729
01/10/1947,0.0030647985989491477
01/11/1947,0.006547359231776406
01/12/1947,0.015177797051170838
01/01/1948,0.011533532678342562
01/02/1948,-0.000422297297297258
01/03/1948,-0.007182087029995898
01/04/1948,0.013617021276595809
01/05/1948,0.007976490344248521
01/06/1948,0.005830903790087438
01/07/1948,0.010351966873705988
01/08/1948,0.001229508196721296
01/09/1948,-0.002865329512893977
01/10/1948,-0.002052545155993512
01/11/1948,-0.006170300287947295
01/12/1948,-0.004552980132450313
01/01/1949,-0.001663201663201663
01/02/1949,-0.004164931278633932
01/03/1949,0.0
01/04/1949,0.00041823504809701496
01/05/1949,-0.000418060200668923
01/06/1949,0.00041823504809701496
01/07/1949,-0.009197324414715768
01/08/1949,0.0
01/09/1949,0.002109704641350296
01/10/1949,-0.003368421052631465
01/11/1949,0.0012674271229402559
01/12/1949,-0.0037974683544304
01/01/1950,-0.004235493434985082
01/02/1950,0.004253509145044631
01/03/1950,0.0012706480304955912
01/04/1950,0.00042301184433157703
01/05/1950,0.0050739957716703366
01/06/1950,0.00462768195204033
01/07/1950,0.007956448911222935
01/08/1950,0.00540091400083087
01/09/1950,0.005785123966942196
01/10/1950,0.006573541495480617
01/11/1950,0.0040816326530612726
01/12/1950,0.015447154471544655
01/01/1951,0.01601281024819845
01/02/1951,0.01773049645390068
01/03/1951,0.0019357336430507741
01/04/1951,0.001545595054095905
01/05/1951,0.002700617283950546
01/06/1951,-0.002308580223162715
01/07/1951,-0.000771307365985296
01/08/1951,-0.001929756850636899
01/09/1951,0.006573859242072766
01/10/1951,0.004994237418363356
01/11/1951,0.006116207951070374
01/12/1951,0.005699088145896702
01/01/1952,-0.000755572346052169
01/02/1952,-0.00151228733459352
01/03/1952,-0.000757288905717468
01/04/1952,0.0026525198938991412
01/05/1952,0.00037792894935750795
01/06/1952,0.0022667170381565067
01/07/1952,0.005653976630229929
01/08/1952,0.00037481259370330996
01/09/1952,-0.002248032971150282
01/10/1952,0.002253098009763476
01/11/1952,0.0
01/12/1952,0.0007493443237167601
01/01/1953,-0.0026207412953950238
01/02/1953,-0.001876876876876876
01/03/1953,0.00150432493418573
01/04/1953,0.002253098009763476
01/05/1953,0.000374672161858269
01/06/1953,0.00262172284644202
01/07/1953,0.0007471049682479241
01/08/1953,0.0022396416573349227
01/09/1953,0.0014897579143389181
01/10/1953,0.002231312755671233
01/11/1953,-0.003710575139146521
01/12/1953,0.000744878957169348
01/01/1954,0.002605135839225836
01/02/1954,0.001855976243503976
01/03/1954,-0.002223045572434134
01/04/1954,-0.0025993316004455642
01/05/1954,0.002606105733432562
01/06/1954,0.000371333085777969
01/07/1954,-0.002969561989606628
01/08/1954,-0.000372300819061699
01/09/1954,-0.0014897579143390292
01/10/1954,-0.003356956359567342
01/11/1954,0.0022455089820359038
01/12/1954,-0.000373412994772226
01/01/1955,0.0
01/02/1955,0.001867762420620033
01/03/1955,-0.001118568232662209
01/04/1955,0.0
01/05/1955,-0.000746547219111604
01/06/1955,-0.002241314904744107
01/07/1955,0.0018719580681392232
01/08/1955,-0.001494768310911887
01/09/1955,0.004865269461078014
01/10/1955,-0.001117318435754244
01/11/1955,0.002237136465324418
01/12/1955,-0.000372023809523724
01/01/1956,-0.001488649050986334
01/02/1956,0.001118151323145744
01/03/1956,0.001116902457185542
01/04/1956,0.0014875418371140812
01/05/1956,0.0037133308577794732
01/06/1956,0.00443951165371792
01/07/1956,0.0051565377532227785
01/08/1956,0.000732869182850759
01/09/1956,0.0014646649578908821
01/10/1956,0.005850091407678226
01/11/1956,0.0
01/12/1956,0.004362050163576825
01/01/1957,0.001447701773434673
01/02/1957,0.004698229129020514
01/03/1957,0.002158273381294817
01/04/1957,0.002512562814070307
01/05/1957,0.002506265664160345
01/06/1957,0.0039285714285715026
01/07/1957,0.002845962290999759
01/08/1957,0.0031926214969848488
01/09/1957,0.001414427157001352
01/10/1957,0.0
01/11/1957,0.0031779661016948513
01/12/1957,0.0021119324181626538
01/01/1958,0.005971197752019819
01/02/1958,0.002094972067039124
01/03/1958,0.005923344947735165
01/04/1958,0.002424662279182587
01/05/1958,0.0
01/06/1958,-0.001036627505183185
01/07/1958,-0.000691802144586639
01/08/1958,0.001730702665282191
01/09/1958,-0.001036627505183185
01/10/1958,0.0
01/11/1958,0.001383604289173279
01/12/1958,0.000690846286701241
01/01/1959,0.001380738695202055
01/02/1959,-0.000344708721130682
01/03/1959,-0.001034482758620725
01/04/1959,0.000345184673800513
01/05/1959,0.002070393374741241
01/06/1959,0.002410468319559155
01/07/1959,0.001374098248024813
01/08/1959,0.001029159519725597
01/09/1959,0.0023989033584648207
01/10/1959,0.0034188034188034062
01/11/1959,0.0
01/12/1959,0.002044293015332154
01/01/1960,-0.001360081604896312
01/02/1960,0.001361933946203652
01/03/1960,0.0
01/04/1960,0.004420265215912877
01/05/1960,0.001015572105619533
01/06/1960,0.001352722353736846
01/07/1960,-0.002026342451874274
01/08/1960,0.002030456852791795
01/09/1960,0.0
01/10/1960,0.004728132387706862
01/11/1960,0.001008403361344667
01/12/1960,0.001007387508394908
01/01/1961,0.001006373700100704
01/02/1961,0.0
01/03/1961,0.0
01/04/1961,-0.0010053619302949899
01/05/1961,0.001006373700100704
01/06/1961,0.0
01/07/1961,0.002680965147453085
01/08/1961,0.0006684491978610201
01/09/1961,0.0013360053440214508
01/10/1961,0.0
01/11/1961,0.0
01/12/1961,0.00100066711140756
01/01/1962,0.00099966677774077
01/02/1962,0.00233022636484681
01/03/1962,0.001992693457323113
01/04/1962,0.0013258203513424318
01/05/1962,0.000993048659384321
01/06/1962,-0.0009920634920633769
01/07/1962,0.000331016219794699
01/08/1962,0.001985440105890301
01/09/1962,0.004623513870541718
01/10/1962,-0.0013149243918475489
01/11/1962,0.0
01/12/1962,0.0
01/01/1963,0.00197498354180392
01/02/1963,0.001314060446780507
01/03/1963,0.000984251968503935
01/04/1963,-0.000983284169124965
01/05/1963,0.000984251968503935
01/06/1963,0.00327761389708292
01/07/1963,0.002613524991832872
01/08/1963,0.001955034213098727
01/09/1963,-0.000975609756097561
01/10/1963,0.0009765625
01/11/1963,0.000975609756097561
01/12/1963,0.003248862897985649
01/01/1964,0.001943005181347157
01/02/1964,-0.0009696186166774361
01/03/1964,0.0009705596894209461
01/04/1964,0.00032320620555914505
01/05/1964,0.0009693053311794481
01/06/1964,0.000968366688185895
01/07/1964,0.00032247662044504395
01/08/1964,0.0009671179883945499
01/09/1964,0.000966183574879098
01/10/1964,0.0012870012870014318
01/11/1964,0.002892030848329119
01/12/1964,0.001281640499839698
01/01/1965,0.0009600000000000709
01/02/1965,0.0
01/03/1965,0.000959079283887387
01/04/1965,0.002235707441711865
01/05/1965,0.003186743148502202
01/06/1965,0.004129606099110505
01/07/1965,-0.000949066751028238
01/08/1965,-0.000949968334388762
01/09/1965,0.00221870047543593
01/10/1965,0.000948766603415585
01/11/1965,0.003159557661927437
01/12/1965,0.003149606299212681
01/01/1966,0.0009419152276295411
01/02/1966,0.006273525721455453
01/03/1966,0.003117206982543585
01/04/1966,0.003107520198881275
01/05/1966,0.002168525402726162
01/06/1966,0.000927357032457498
01/07/1966,0.002161828289067413
01/08/1966,0.006163328197226425
01/09/1966,0.003062787136294043
01/10/1966,0.003053435114503955
01/11/1966,0.0009132420091324529
01/12/1966,0.001216545012165504
01/01/1967,-0.0006075334143378349
01/02/1967,0.003039513677811634
01/03/1967,0.0
01/04/1967,0.003030303030303161
01/05/1967,0.0
01/06/1967,0.0060422960725075026
01/07/1967,0.003003003003003046
01/08/1967,0.002994011976047872
01/09/1967,0.002985074626865813
01/10/1967,0.002976190476190465
01/11/1967,0.005934718100890191
01/12/1967,0.002949852507374784
01/01/1968,0.002941176470588225
01/02/1968,0.0029325513196480912
01/03/1968,0.002923976608186995
01/04/1968,0.00291545189504383
01/05/1968,0.0029069767441860512
01/06/1968,0.005797101449275477
01/07/1968,0.0057636887608067955
01/08/1968,0.002865329512893977
01/09/1968,0.002857142857142891
01/10/1968,0.005698005698005604
01/11/1968,0.0028328611898016383
01/12/1968,0.005649717514124353
01/01/1969,0.002808988764045006
01/02/1969,0.0028011204481790393
01/03/1969,0.008379888268156499
01/04/1969,0.005540166204986097
01/05/1969,0.002754820936639257
01/06/1969,0.005494505494505475
01/07/1969,0.005464480874316724
01/08/1969,0.0027173913043478932
01/09/1969,0.005420054200542035
01/10/1969,0.005390835579514697
01/11/1969,0.00536193029490617
01/12/1969,0.005333333333333412
01/01/1970,0.0053050397877982824
01/02/1970,0.005277044854881341
01/03/1970,0.005249343832020914
01/04/1970,0.005221932114882533
01/05/1970,0.002597402597402709
01/06/1970,0.005181347150258864
01/07/1970,0.002577319587628857
01/08/1970,0.002570694087403735
01/09/1970,0.00512820512820511
01/10/1970,0.005102040816326481
01/11/1970,0.005076142131979822
01/12/1970,0.005050505050504972
01/01/1971,0.002512562814070307
01/02/1971,0.0
01/03/1971,0.002506265664160345
01/04/1971,0.002499999999999946
01/05/1971,0.004987531172069737
01/06/1971,0.00496277915632759
01/07/1971,0.002469135802469102
01/08/1971,0.00246305418719217
01/09/1971,0.00245700245700231
01/10/1971,0.002450980392156854
01/11/1971,0.002444987775061191
01/12/1971,0.002439024390243904
01/01/1972,0.002433090024331008
01/02/1972,0.004854368932038833
01/03/1972,0.0
01/04/1972,0.002415458937198078
01/05/1972,0.002409638554216941
01/06/1972,0.002403846153846256
01/07/1972,0.002398081534771945
01/08/1972,0.002392344497607723
01/09/1972,0.004773269689737569
01/10/1972,0.0023752969121140217
01/11/1972,0.004739336492890933
01/12/1972,0.002358490566037874
01/01/1973,0.0047058823529413365
01/02/1973,0.007025761124121788
01/03/1973,0.00930232558139532
01/04/1973,0.00691244239631339
01/05/1973,0.004576659038901587
01/06/1973,0.006833712984054774
01/07/1973,0.0
01/08/1973,0.018099547511312156
01/09/1973,0.004444444444444473
01/10/1973,0.008849557522123908
01/11/1973,0.006578947368421018
01/12/1973,0.008714596949890963
01/01/1974,0.010799136069114423
01/02/1974,0.010683760683760646
01/03/1974,0.010570824524312794
01/04/1974,0.006276150627615218
01/05/1974,0.01039501039501034
01/06/1974,0.008230452674897082
01/07/1974,0.006122448979591688
01/08/1974,0.012170385395537496
01/09/1974,0.014028056112224574
01/10/1974,0.007905138339920903
01/11/1974,0.009803921568627416
01/12/1974,0.007766990291262044
01/01/1975,0.007707129094412402
01/02/1975,0.005736137667304186
01/03/1975,0.0038022813688212143
01/04/1975,0.003787878787878895
01/05/1975,0.001886792452830299
01/06/1975,0.007532956685499137
01/07/1975,0.009345794392523256
01/08/1975,0.003703703703703764
01/09/1975,0.007380073800737907
01/10/1975,0.005494505494505475
01/11/1975,0.007285974499089187
01/12/1975,0.005424954792043524
01/01/1976,0.003597122302158251
01/02/1976,0.001792114695340574
01/03/1976,0.0017889087656530738
01/04/1976,0.0017857142857142792
01/05/1976,0.005347593582887722
01/06/1976,0.005319148936170359
01/07/1976,0.005291005291005346
01/08/1976,0.0052631578947368585
01/09/1976,0.00523560209424101
01/10/1976,0.005208333333333259
01/11/1976,0.003454231433505983
01/12/1976,0.005163511187607606
01/01/1977,0.005136986301369939
01/02/1977,0.010221465076660996
01/03/1977,0.005059021922428464
01/04/1977,0.006711409395973034
01/05/1977,0.00333333333333341
01/06/1977,0.004983388704318914
01/07/1977,0.004958677685950263
01/08/1977,0.004934210526315929
01/09/1977,0.003273322422258529
01/10/1977,0.004893964110930016
01/11/1977,0.006493506493506551
01/12/1977,0.004838709677419395
01/01/1978,0.006420545746388617
01/02/1978,0.004784688995215225
01/03/1978,0.006349206349206327
01/04/1978,0.007886435331230235
01/05/1978,0.00938967136150226
01/06/1978,0.007751937984496138
01/07/1978,0.007692307692307665
01/08/1978,0.006106870229007688
01/09/1978,0.009104704097116834
01/10/1978,0.009022556390977376
01/11/1978,0.005961251862891315
01/12/1978,0.005925925925926112
01/01/1979,0.008836524300441795
01/02/1979,0.010218978102189746
01/03/1979,0.010115606936416333
01/04/1979,0.010014306151645114
01/05/1979,0.011331444759206999
01/06/1979,0.011204481792717047
01/07/1979,0.011080332409972192
01/08/1979,0.009589041095890538
01/09/1979,0.009497964721845388
01/10/1979,0.010752688172043
01/11/1979,0.010638297872340496
01/12/1979,0.011842105263157876
01/01/1980,0.014304291287386084
01/02/1980,0.012820512820512775
01/03/1980,0.013924050632911245
01/04/1980,0.00998751560549338
01/05/1980,0.009888751545117367
01/06/1980,0.009791921664626724
01/07/1980,0.001212121212121219
01/08/1980,0.007263922518159882
01/09/1980,0.008413461538461675
01/10/1980,0.00953516090584028
01/11/1980,0.010625737898465104
01/12/1980,0.009345794392523477
01/01/1981,0.0092592592592593
01/02/1981,0.00917431192660545
01/03/1981,0.006818181818181834
01/04/1981,0.0056433408577878375
01/05/1981,0.006734006734006925
01/06/1981,0.008918617614269708
01/07/1981,0.011049723756906049
01/08/1981,0.007650273224043769
01/09/1981,0.009761388286333885
01/10/1981,0.003222341568206444
01/11/1981,0.004282655246252487
01/12/1981,0.003198294243070387
01/01/1982,0.003188097768331621
01/02/1982,0.0031779661016948513
01/03/1982,0.0
01/04/1982,0.00316789862724387
01/05/1982,0.009473684210526299
01/06/1982,0.011470281543274119
01/07/1982,0.005154639175257714
01/08/1982,0.002051282051282132
01/09/1982,0.0
01/10/1982,0.004094165813715467
01/11/1982,-0.001019367991844988
01/12/1982,-0.003061224489795844
01/01/1983,0.002047082906857733
01/02/1983,0.001021450459652628
01/03/1983,0.0010204081632652071
01/04/1983,0.007135575942915473
01/05/1983,0.004048582995951566
01/06/1983,0.0020161290322580068
01/07/1983,0.004024144869215096
01/08/1983,0.0030060120240480433
01/09/1983,0.002997002997003006
01/10/1983,0.003984063745019917
01/11/1983,0.002976190476190465
01/12/1983,0.002967359050445317
01/01/1984,0.006903353057199135
01/02/1984,0.004897159647404558
01/03/1984,0.002923976608187217
01/04/1984,0.003887269193391551
01/05/1984,0.0019361084220717029
01/06/1984,0.001932367149758418
01/07/1984,0.0038572806171648373
01/08/1984,0.0028818443804035088
01/09/1984,0.002873563218390718
01/10/1984,0.0038204393505252288
01/11/1984,0.001902949571836343
01/12/1984,0.001899335232668608
01/01/1985,0.001895734597156417
01/02/1985,0.005676442762535316
01/03/1985,0.00470366886171214
01/04/1985,0.001872659176030078
01/05/1985,0.001869158878504695
01/06/1985,0.002798507462686617
01/07/1985,0.001860465116279019
01/08/1985,0.0018570102135562199
01/09/1985,0.001853568118628246
01/10/1985,0.003700277520814143
01/11/1985,0.004608294930875667
01/12/1985,0.004587155963302836
01/01/1986,0.003652968036529813
01/02/1986,-0.001819836214740688
01/03/1986,-0.005469462169553352
01/04/1986,-0.003666361136571927
01/05/1986,0.002759889604415866
01/06/1986,0.003669724770642313
01/07/1986,0.000914076782449591
01/08/1986,0.0009132420091324529
01/09/1986,0.003649635036496512
01/10/1986,0.001818181818181941
01/11/1986,0.001814882032667997
01/12/1986,0.003623188405797117
01/01/1987,0.005415162454873723
01/02/1987,0.003590664272890453
01/03/1987,0.003577817531305927
01/04/1987,0.004456327985739694
01/05/1987,0.002661934338952898
01/06/1987,0.004424778761061843
01/07/1987,0.002643171806167466
01/08/1987,0.004393673110720586
01/09/1987,0.003499562554680757
01/10/1987,0.0026155187445509043
01/11/1987,0.003478260869565375
01/12/1987,0.001733102253032914
01/01/1988,0.0034602076124568
01/02/1988,0.00172413793103443
01/03/1988,0.002581755593803692
01/04/1988,0.006008583690987113
01/05/1988,0.00255972696245732
01/06/1988,0.0042553191489360645
01/07/1988,0.004237288135593209
01/08/1988,0.0042194092827003695
01/09/1988,0.004201680672268892
01/10/1988,0.003347280334728086
01/11/1988,0.003336113427856446
01/12/1988,0.003325020781379972
01/01/1989,0.004142502071251108
01/02/1989,0.0033003300330032292
01/03/1989,0.004934210526315929
01/04/1989,0.0073649754500817455
01/05/1989,0.004874086108854758
01/06/1989,0.003233629749393563
01/07/1989,0.003223207091055613
01/08/1989,0.0
01/09/1989,0.002409638554216941
01/10/1989,0.00480769230769229
01/11/1989,0.003987240829345984
01/12/1989,0.003177124702144596
01/01/1990,0.009501187648456087
01/02/1990,0.003921568627450966
01/03/1990,0.004687499999999955
01/04/1990,0.002332814930015692
01/05/1990,0.001551590380139522
01/06/1990,0.006196746707978429
01/07/1990,0.004618937644341736
01/08/1990,0.008429118773946254
01/09/1990,0.006838905775075954
01/10/1990,0.006792452830188811
01/11/1990,0.002248875562218755
01/12/1990,0.003739715781600594
01/01/1991,0.003725782414307099
01/02/1991,0.000742390497401768
01/03/1991,0.0
01/04/1991,0.002225519287833766
01/05/1991,0.0037009622501851243
01/06/1991,0.002949852507374784
01/07/1991,0.0014705882352941118
01/08/1991,0.002936857562408246
01/09/1991,0.002928257686676483
01/10/1991,0.0014598540145984709
01/11/1991,0.004373177842565745
01/12/1991,0.002902757619738683
01/01/1992,0.0007235890014474219
01/02/1992,0.002169197396963085
01/03/1992,0.003607503607503615
01/04/1992,0.0021567217828901693
01/05/1992,0.0021520803443326737
01/06/1992,0.0028632784538296092
01/07/1992,0.002855103497501732
01/08/1992,0.002135231316725994
01/09/1992,0.002130681818181656
01/10/1992,0.00425230333097093
01/11/1992,0.0028228652081863093
01/12/1992,0.0014074595355384458
01/01/1993,0.003513703443429383
01/02/1993,0.002100840336134224
01/03/1993,0.0013976240391335708
01/04/1993,0.003489183531053763
01/05/1993,0.0027816411682890507
01/06/1993,0.000693481276005769
01/07/1993,0.001386001386001201
01/08/1993,0.00207612456747408
01/09/1993,0.0013812154696131171
01/10/1993,0.004137931034482678
01/11/1993,0.002747252747252737
01/12/1993,0.00205479452054802
01/01/1994,0.0
01/02/1994,0.002734107997265811
01/03/1994,0.002726653033401582
01/04/1994,0.0006798096532969471
01/05/1994,0.002038043478260975
01/06/1994,0.0027118644067796183
01/07/1994,0.003380662609871576
01/08/1994,0.004043126684636133
01/09/1994,0.002013422818792021
01/10/1994,0.000669792364367038
01/11/1994,0.0026773761713521083
01/12/1994,0.002002670226969094
01/01/1995,0.002664890073284409
01/02/1995,0.0026578073089700283
01/03/1995,0.001988071570576455
01/04/1995,0.003968253968254176
01/05/1995,0.001976284584980225
01/06/1995,0.001972386587771213
01/07/1995,0.001312335958005173
01/08/1995,0.001965923984272644
01/09/1995,0.001308044473512071
01/10/1995,0.0026126714565644082
01/11/1995,0.001302931596091072
01/12/1995,0.0013012361743658378
01/01/1996,0.005198180636777128
01/02/1996,0.0019392372333548729
01/03/1996,0.003225806451612856
01/04/1996,0.00385852090032146
01/05/1996,0.001921844971172426
01/06/1996,0.001918158567774774
01/07/1996,0.00191448627951507
01/08/1996,0.001273885350318471
01/09/1996,0.003180661577608212
01/10/1996,0.003170577045022105
01/11/1996,0.003160556257901348
01/12/1996,0.002520478890989386
01/01/1997,0.00188560653676939
01/02/1997,0.001882057716436458
01/03/1997,0.000626174076393315
01/04/1997,0.000625782227784643
01/05/1997,0.0
01/06/1997,0.001876172607879755
01/07/1997,0.001248439450686644
01/08/1997,0.002493765586034868
01/09/1997,0.002487562189054548
01/10/1997,0.001861042183622929
01/11/1997,0.001238390092879182
01/12/1997,0.000618429189857883
01/01/1998,0.001236093943139504
01/02/1998,0.0
01/03/1998,0.0
01/04/1998,0.00123456790123444
01/05/1998,0.002466091245376223
01/06/1998,0.001230012300123206
01/07/1998,0.00245700245700231
01/08/1998,0.001225490196078427
01/09/1998,0.000611995104039087
01/10/1998,0.0024464831804280602
01/11/1998,0.001220256253813278
01/12/1998,0.001828153564899626
01/01/1999,0.001824817518248034
01/02/1999,0.0
01/03/1999,0.000607164541590821
01/04/1999,0.006674757281553312
01/05/1999,0.000602772754671354
01/06/1999,0.0
01/07/1999,0.004216867469879481
01/08/1999,0.0023995200959807668
01/09/1999,0.00418910831837227
01/10/1999,0.0017878426698449959
01/11/1999,0.001784651992861485
01/12/1999,0.0023752969121140217
01/01/2000,0.002962085308056972
01/02/2000,0.004134672179562759
01/03/2000,0.00588235294117645
01/04/2000,-0.000584795321637354
01/05/2000,0.0017554125219425558
01/06/2000,0.005841121495327117
01/07/2000,0.002903600464576161
01/08/2000,0.0
01/09/2000,0.005211349160393786
01/10/2000,0.001728110599078514
01/11/2000,0.001725129384703816
01/12/2000,0.002296211251435087
01/01/2001,0.00572737686139746
01/02/2001,0.002277904328018332
01/03/2001,0.0005681818181817451
01/04/2001,0.001703577512776943
01/05/2001,0.005102040816326481
01/06/2001,0.002256063169768563
01/07/2001,-0.0016882386043892688
01/08/2001,0.0
01/09/2001,0.003945885005636862
01/10/2001,-0.002807411566535633
01/11/2001,-0.000563063063063085
01/12/2001,-0.000563380281690117
01/01/2002,0.001691093573844337
01/02/2002,0.0016882386043894908
01/03/2002,0.002808988764045006
01/04/2002,0.004481792717086819
01/05/2002,0.001115448968209698
01/06/2002,0.000557103064066755
01/07/2002,0.0022271714922048598
01/08/2002,0.002777777777777768
01/09/2002,0.0016620498614958732
01/10/2002,0.00221238938053081
01/11/2002,0.0016556291390728
01/12/2002,0.001652892561983643
01/01/2003,0.004400440044004305
01/02/2003,0.005476451259583737
01/03/2003,0.0016339869281045691
01/04/2003,-0.003806416530723333
01/05/2003,-0.0016375545851528
01/06/2003,0.0010934937124111859
01/07/2003,0.003276897870016393
01/08/2003,0.004354926510615087
01/09/2003,0.003252032520325132
01/10/2003,-0.001080497028633109
01/11/2003,0.000540832882639286
01/12/2003,0.002702702702702675
01/01/2004,0.00431266846361189
01/02/2004,0.002147074610842514
01/03/2004,0.002142474558114671
01/04/2004,0.0016034206306787529
01/05/2004,0.004268943436499306
01/06/2004,0.003719447396386854
01/07/2004,0.001058761249338235
01/08/2004,0.000528820729772672
01/09/2004,0.003171247357294016
01/10/2004,0.005268703898840821
01/11/2004,0.004716981132075304
01/12/2004,0.0
01/01/2005,-0.000521648408972286
01/02/2005,0.004175365344467607
01/03/2005,0.003638253638253541
01/04/2005,0.003107198342827466
01/05/2005,-0.000516262261228694
01/06/2005,0.000516528925619708
01/07/2005,0.006195147134744561
01/08/2005,0.0061570035915854415
01/09/2005,0.013768485466598701
01/10/2005,0.0015090543259557159
01/11/2005,-0.0050226017076845375
01/12/2005,0.0
01/01/2006,0.006057546693589266
01/02/2006,0.000501756146512821
01/03/2006,0.001504513540621754
01/04/2006,0.005007511266900355
01/05/2006,0.002989536621823774
01/06/2006,0.002483854942871399
01/07/2006,0.005450941526263575
01/08/2006,0.0044356826022671205
01/09/2006,-0.004906771344455385
01/10/2006,-0.004437869822485285
01/11/2006,0.000495294700346704
01/12/2006,0.00544554455445545
01/01/2007,0.001659281142294633
01/02/2007,0.003878350545869269
01/03/2007,0.005200121434097538
01/04/2007,0.003000662483924943
01/05/2007,0.0041329940166290316
01/06/2007,0.00231675171096235
01/07/2007,0.0017805958481715838
01/08/2007,0.000308280708853025
01/09/2007,0.004237553390765036
01/10/2007,0.0030832378312801723
01/11/2007,0.007858884267890387
01/12/2007,0.002898014551732553
01/01/2008,0.003447705076970342
01/02/2008,0.002417826877939788
01/03/2008,0.003578027806118822
01/04/2008,0.002314381020201539
01/05/2008,0.0059174916566171465
01/06/2008,0.0104782350098509
01/07/2008,0.007141444751521009
01/08/2008,-0.001488475727800642
01/09/2008,0.000855091682290032
01/10/2008,-0.008598436564828615
01/11/2008,-0.017705477084725474
01/12/2008,-0.008233522399403226
01/01/2009,0.0025307713412614508
01/02/2009,0.003642660652187324
01/03/2009,-0.000987282856538485
01/04/2009,0.001007082519588697
01/05/2009,0.0014714939189219838
01/06/2009,0.008299612246622345
01/07/2009,-0.000297965454630122
01/08/2009,0.003348453377792992
01/09/2009,0.0019308872334005132
01/10/2009,0.003001931798703783
01/11/2009,0.0033485905897676638
01/12/2009,0.000520176399642746
01/01/2010,0.000648732211624647
01/02/2010,-0.000951776649746216
01/03/2010,0.000331368136192278
01/04/2010,0.00023004053314190602
01/05/2010,-0.000519772036264409
01/06/2010,-0.000418795158543816
01/07/2010,0.0018692535416828802
01/08/2010,0.001461363479699606
01/09/2010,0.001615249422961318
01/10/2010,0.00348184629481163
01/11/2010,0.0025338416234848
01/12/2010,0.004016576346828282
01/01/2011,0.003243042200370194
01/02/2011,0.00321447463006419
01/03/2011,0.0051735482068338
01/04/2011,0.004694098975099203
01/05/2011,0.003181714734507679
01/06/2011,0.0
01/07/2011,0.002620036831757044
01/08/2011,0.003154462166418792
01/09/2011,0.002171547858084377
01/10/2011,0.0006752075270193281
01/11/2011,0.001847850055126887
01/12/2011,0.000237708490154808
01/01/2012,0.002724196054096683
01/02/2012,0.002137446124946151
01/03/2012,0.0020934703870292277
01/04/2012,0.0016607883500068248
01/05/2012,-0.002068180132381081
01/06/2012,-0.000826363171310684
01/07/2012,0.000288809928060018
01/08/2012,0.00580952797585188
01/09/2012,0.004771266277542318
01/10/2012,0.002696794580438588
01/11/2012,-0.001679344494426637
01/12/2012,-0.000121081604677164
01/01/2013,0.001980788942180789
01/02/2013,0.005429926752100966
01/03/2013,-0.002811919102589932
01/04/2013,-0.002087979266581219
01/05/2013,0.000414155489501633
01/06/2013,0.0023804082055085547
01/07/2013,0.001957452300544337
01/08/2013,0.002387290682696274
01/09/2013,0.00037694469193349996
01/10/2013,0.0005352310485391419
01/11/2013,0.0018444894273523798
01/12/2013,0.0026441691584793148
01/01/2014,0.002424175290453689
01/02/2014,0.001100778620244158
01/03/2014,0.00204205530106516
01/04/2014,0.0018641856050976011
01/05/2014,0.001903005903547194
01/06/2014,0.001321132206079767
01/07/2014,0.0011254852864928109
01/08/2014,-0.00016000134737970102
01/09/2014,7.1591004800808e-05
01/10/2014,-0.00019791390324119798
01/11/2014,-0.0018826601524659639
01/12/2014,-0.0030846094445592383
01/01/2015,-0.0063703164417655556
01/02/2015,0.002534643680217385
01/03/2015,0.002693951780812442
01/04/2015,0.001042478896158938
01/05/2015,0.003297745341246827
01/06/2015,0.002767920810460733
01/07/2015,0.0015863197801873061
01/08/2015,-4.201080517907e-06
01/09/2015,-0.002247587519377591
01/10/2015,0.00098948201669069
01/11/2015,0.001194617491050875
01/12/2015,-0.001075553426856057
01/01/2016,-0.00045844356307389497
01/02/2016,-0.001329675323582302
01/03/2016,0.003134796238244419
01/04/2016,0.003830645161290169
01/05/2016,0.00236409586931785
01/06/2016,0.002775957287827202
01/07/2016,-0.00050370074347894
01/08/2016,0.0018492217858316889
01/09/2016,0.002623209794425207
01/10/2016,0.002342687497926876
01/11/2016,0.001178947716771183
01/12/2016,0.002524522158776188
01/01/2017,0.004043076694815628
01/02/2017,0.0015926573570097518
01/03/2017,-0.000467201626189517
01/04/2017,0.001234152821740774
01/05/2017,-0.000773977960056293
01/06/2017,0.0006516286618252209
01/07/2017,0.00032764997153544796
01/08/2017,0.003848626163288182
01/09/2017,0.005106389920997767
01/10/2017,0.00077505224501384
01/11/2017,0.002668007428251684
01/12/2017,0.002106889244755105
01/01/2018,0.0042533443635115456
01/02/2018,0.002692287600609022
01/03/2018,0.000192362410782021
01/04/2018,0.002604406656061986
01/05/2018,0.002257949781598212
01/06/2018,0.00090114517209483
01/07/2018,0.000780820498928358
01/08/2018,0.0017873207703393839
01/09/2018,0.002062281702117419
01/10/2018,0.002339580144498754
01/11/2018,-0.0007041919199911589
01/12/2018,0.0006848935445813439
01/01/2019,-0.000814979803534399
01/02/2019,0.003001255142321968
01/03/2019,0.003781792917230797
01/04/2019,0.0037596794047436433
01/05/2019,0.00024683328566443797
01/06/2019,-0.00032511281022806694
01/07/2019,0.002307876166182776
01/08/2019,0.0009147700174354511
01/09/2019,0.0015388460997671771
01/10/2019,0.0028272822992627678
01/11/2019,0.00281542260504386
01/12/2019,0.002912218521089249
01/01/2020,0.001921664153423874
01/02/2020,0.00047467072130657996
01/03/2020,-0.004528447444551498
01/04/2020,-0.007920147553434065
01/05/2020,-0.0008983252093487381
01/06/2020,0.004847499237691677
01/07/2020,0.005096443382793581
01/08/2020,0.003731343283582156
01/09/2020,0.002626139536318739
01/10/2020,0.001238475828567287
01/11/2020,0.002274132890799363
01/12/2020,0.004346309661148906
01/01/2021,0.00226678623900467
01/02/2021,0.003556212139095738
01/03/2021,0.004833575517978028
01/04/2021,0.006713309948762847
01/05/2021,0.006672292545710334
01/06/2021,0.008591526206762845
01/07/2021,0.0046359572974770105
01/08/2021,0.0028937547110843283
01/09/2021,0.004362937760309826
01/10/2021,0.009439954442911349
01/11/2021,0.00830295666261649
01/12/2021,0.0071084268212204815
01/01/2022,0.006182204083958309
01/02/2022,0.007018425579205845
01/03/2022,0.010340040418240992
01/04/2022,0.003878706077567129
01/05/2022,0.009415001628653163
01/06/2022,0.012952327333770608
01/07/2022,-0.00044734844376970097
01/08/2022,0.000752695463483998
01/09/2022,0.004265454225137466
01/10/2022,0.0052560378650634565
01/11/2022,0.0024464811278648298
01/12/2022,0.00033477509808887897
01/01/2023,0.005515247249069821
01/02/2023,0.003394839843438024
01/03/2023,0.000553941275590608
01/04/2023,0.004027940313549472
01/05/2023,0.001512259870962484
01/06/2023,0.0025814661936727212
01/07/2023,0.0016968158395787019
01/08/2023,0.004999753787567895
01/09/2023,0.004037394900339164
01/10/2023,0.000907689004274958
01/11/2023,0.001410680214397386
01/12/2023,0.002103301989373251
01/01/2024,0.003430126159975177
01/02/2024,0.003963924414288167
01/03/2024,0.003488499205844153
01/04/2024,0.002912462713108077
01/05/2024,0.000396145883916343
01/06/2024,-2.8741138149102e-05
01/07/2024,0.001389194937581939
01/08/2024,0.001801853517281904
01/09/2024,0.002292037398410329
01/10/2024,0.002264563237849071
01/11/2024,0.002804502414724075
01/12/2024,0.003646717164535129
01/01/2025,0.0046693513600313255
01/02/2025,0.002159292479143371
01/03/2025,-0.001000351809866184
01/04/2025,0.002
01/05/2025,0.001
01/06/2025,0.003
01/07/2025,0.002
01/08/2025,0.004
01/09/2025,0.002
01/10/2025,0.001
01/11/2025,0.001
